time_ns,v_in,v_tx_p_n1,v_tx_n_n2,v_rx_p_n3,v_rx_n_n4,v_rx_diff_rxnode,v_rx_diff_n3_n4
0.0,0.0,2.5e-11,0.5,0.25,0.25,0.0,0.0
0.001,0.1,4.14206e-12,0.5,0.25,0.25,8.562502e-09,8.562502e-09
0.002,0.2,-3.459089e-11,0.5,0.25,0.25,1.505949e-08,1.505949e-08
0.0052,0.52,-2.076259e-10,0.5000001,0.2500001,0.25,2.825956e-08,2.825956e-08
0.0081,0.81,-4.256494e-10,0.5000001,0.2500001,0.25,3.042479e-08,3.042479e-08
0.008385,0.8385,0.001749928,0.4982302,0.2500001,0.25,8.648486e-08,8.648486e-08
0.009297,0.9297,0.007378243,0.4924538,0.2500005,0.2499993,1.267553e-06,1.267553e-06
0.01,1.0,0.01173849,0.4878564,0.2500016,0.2499978,3.817259e-06,3.817259e-06
0.011124799999999999,1.0,0.01879027,0.4801746,0.2500063,0.249991,1.536116e-05,1.536116e-05
0.01143071,1.0,0.02071027,0.478077,0.2500077,0.249989,1.874503e-05,1.874503e-05
0.01240964,1.0,0.02688341,0.471264,0.2500139,0.2499803,3.357314e-05,3.357314e-05
0.015542199999999999,1.0,0.04695433,0.4487569,0.2500589,0.2499164,0.0001424665,0.0001424665
0.02055429,1.0,0.08005304,0.41172,0.2502319,0.2496627,0.0005691583,0.0005691583
0.028573639999999997,1.0,0.1353162,0.3531188,0.2508391,0.2488018,0.002037277,0.002037277
0.03381642,1.0,0.1726152,0.3160253,0.2514769,0.2479839,0.003493026,0.003493026
0.03801064,1.0,0.2028207,0.2870723,0.2521347,0.2472532,0.004881553,0.004881553
0.04472139,1.0,0.251782,0.2422749,0.2535267,0.245996,0.007530741,0.007530741
0.05008999,1.0,0.2913204,0.2076812,0.2549654,0.2449746,0.009990853,0.009990853
0.054384869999999995,1.0,0.3229382,0.1805539,0.2563244,0.2442147,0.01210965,0.01210965
0.06125668,1.0,0.3733674,0.1380722,0.2589001,0.2431608,0.01573937,0.01573937
0.06675412,1.0,0.4133631,0.1047111,0.261294,0.2425061,0.01878784,0.01878784
0.07115208,1.0,0.4448954,0.07815316,0.2633796,0.2421413,0.02123836,0.02123836
0.07818881,1.0,0.4944598,0.03588734,0.2669634,0.2418349,0.02512852,0.02512852
0.09153333,1.0,0.5662298,-0.0224176,0.2740552,0.2420214,0.03203377,0.03203377
0.1079425,1.0,0.5848892,-0.02946138,0.2810061,0.2438572,0.03714893,0.03714893
0.12670779999999998,1.0,0.5583909,-0.008514816,0.2827401,0.2475042,0.03523593,0.03523593
0.1453715,1.0,0.5323579,-0.005431734,0.2766711,0.24984,0.0268311,0.0268311
0.1651145,1.0,0.507835,-0.00370303,0.2657745,0.248172,0.01760251,0.01760251
0.19826159999999998,1.0,0.4952292,-0.0008555158,0.2557917,0.2397857,0.01600608,0.01600608
0.2365515,1.0,0.5068935,-0.006895393,0.2631947,0.231077,0.03211771,0.03211771
0.2852903,1.0,0.3970488,0.1008308,0.2879146,0.2082869,0.07962769,0.07962769
0.3129435,1.0,0.2456012,0.2510205,0.3083118,0.1917414,0.1165704,0.1165704
0.35384740000000003,1.0,0.06281452,0.4337815,0.3022558,0.2004953,0.1017605,0.1017605
0.3793349,1.0,0.02282884,0.4768718,0.2804381,0.2218454,0.05859268,0.05859268
0.413318,1.0,0.02220899,0.4827798,0.2654846,0.2400918,0.02539286,0.02539286
0.4442381,1.0,0.0236781,0.4821604,0.2608543,0.2437277,0.01712656,0.01712656
0.47756550000000003,1.0,0.01896885,0.4799518,0.251947,0.2446586,0.007288378,0.007288378
0.521207,1.0,0.02234307,0.4471798,0.2489323,0.2367243,0.01220808,0.01220808
0.5676245999999999,1.0,0.04345591,0.4317791,0.2534232,0.22292,0.03050315,0.03050315
0.6078911,1.0,0.04414271,0.466347,0.2602445,0.2306384,0.02960612,0.02960612
0.6564971,1.0,0.01724322,0.4886842,0.2618022,0.2433233,0.01847886,0.01847886
0.6935968,1.0,0.009962037,0.4865371,0.2537437,0.244244,0.009499776,0.009499776
0.7406531,1.0,0.004906557,0.4969422,0.2493042,0.2511124,-0.001808146,-0.001808146
0.7871501000000001,1.0,0.007170249,0.494474,0.2468404,0.2524675,-0.005627137,-0.005627137
0.8402517,1.0,0.01057199,0.4896706,0.2536574,0.2475903,0.006067088,0.006067088
0.9015583,1.0,0.004791876,0.4944026,0.2506252,0.2476586,0.002966658,0.002966658
0.9564705000000001,1.0,0.005887491,0.4929412,0.249268,0.2481456,0.001122472,0.001122472
1.02983,1.0,0.004798254,0.4961837,0.2515586,0.2502562,0.001302447,0.001302447
1.114969,1.0,0.006307553,0.4935235,0.2489321,0.2498348,-0.0009026814,-0.0009026814
1.209657,1.0,0.005551207,0.494197,0.2499258,0.2488954,0.001030403,0.001030403
1.320403,1.0,0.004685102,0.4965468,0.2492532,0.2505193,-0.001266071,-0.001266071
1.4468379999999998,1.0,0.00461208,0.4951874,0.2501532,0.2497643,0.0003888357,0.0003888357
1.5776919999999999,1.0,0.004432354,0.4961038,0.2507263,0.2495949,0.001131401,0.001131401
1.7286430000000002,1.0,0.003582397,0.4965052,0.2495135,0.2504062,-0.0008927375,-0.0008927375
1.810303,1.0,0.004113984,0.4958975,0.2502914,0.2496687,0.0006227284,0.0006227284
1.890606,1.0,0.003927567,0.4961091,0.2503895,0.2497252,0.0006642887,0.0006642887
2.066423,1.0,0.003249671,0.4965814,0.2496942,0.2501956,-0.0005014022,-0.0005014022
2.281464,1.0,0.003148452,0.4968544,0.2498375,0.2501038,-0.0002662792,-0.0002662792
2.571077,1.0,0.003023174,0.4968329,0.2500269,0.2498864,0.0001404938,0.0001404938
3.0147850000000003,1.0,0.002839362,0.4970493,0.2499873,0.2498541,0.0001331326,0.0001331326
3.894008,1.0,0.002540386,0.4975032,0.2500415,0.2499682,7.330173e-05,7.330173e-05
5.171906,1.0,0.002114659,0.4977684,0.2499816,0.249948,3.360155e-05,3.360155e-05
6.671906,1.0,0.001931991,0.4980851,0.2500295,0.2499915,3.797783e-05,3.797783e-05
8.171906,1.0,0.001724111,0.4982098,0.2499797,0.2499407,3.900221e-05,3.900221e-05
9.671906,1.0,0.001681657,0.4983745,0.2500281,0.2499837,4.438218e-05,4.438218e-05
11.17191,1.0,0.001535987,0.4984013,0.2499763,0.2499347,4.166761e-05,4.166761e-05
12.67191,1.0,0.001546782,0.4985097,0.2500285,0.2499845,4.401436e-05,4.401436e-05
14.17191,1.0,0.001437308,0.4984926,0.249975,0.2499346,4.041527e-05,4.041527e-05
15.67191,1.0,0.001482536,0.4985782,0.2500299,0.2499877,4.227301e-05,4.227301e-05
17.17191,1.0,0.001392524,0.4985388,0.2499739,0.2499345,3.93646e-05,3.93646e-05
18.67191,1.0,0.001457936,0.4986157,0.2500314,0.2499896,4.172783e-05,4.172783e-05
20.17191,1.0,0.001377656,0.4985634,0.2499725,0.249933,3.957706e-05,3.957706e-05
21.67191,1.0,0.001453671,0.4986378,0.2500328,0.2499909,4.1862e-05,4.1862e-05
23.171909999999997,1.0,0.001373867,0.4985764,0.2499711,0.2499314,3.968311e-05,3.968311e-05
24.671909999999997,1.0,0.001453644,0.4986511,0.2500343,0.249993,4.135446e-05,4.135446e-05
26.17191,1.0,0.001369394,0.4985823,0.2499697,0.2499308,3.89093e-05,3.89093e-05
27.67191,1.0,0.00145097,0.4986591,0.2500361,0.249996,4.004814e-05,4.004814e-05
29.17191,1.0,0.001361686,0.4985841,0.2499683,0.2499307,3.757731e-05,3.757731e-05
29.999999999999996,1.0,0.001444771,0.4986663,0.2500366,0.2499977,3.894466e-05,3.894466e-05
