correlation_status,correlation_error,channel_id,candidate_id,candidate,preprocessing_mode,passivity_enforced,source_family,validation_split,independent_trust_class,case,edge_ps,amplitude_v,hspice_tr0,hspice_lis,ngspice_raw,ngspice_log,hspice_audit_class,hspice_audit_reason,rx_hspice_audit_class,rx_hspice_audit_reason,reflection_hspice_audit_class,reflection_hspice_audit_reason,tx_rmse_v,tx_maxabs_v,rx_rmse_v,rx_maxabs_v,hspice_tx_low_v,hspice_tx_active_v,hspice_tx_threshold_v,hspice_rx_low_v,hspice_rx_active_v,hspice_rx_threshold_v,ngspice_tx_low_v,ngspice_tx_active_v,ngspice_tx_threshold_v,ngspice_rx_low_v,ngspice_rx_active_v,ngspice_rx_threshold_v,hspice_tx_swing_v,hspice_rx_swing_v,ngspice_tx_swing_v,ngspice_rx_swing_v,threshold_v,tx_active_rmse_v,tx_active_maxabs_v,rx_active_rmse_v,rx_active_maxabs_v,hspice_tx_rise_threshold_crossing_count,hspice_tx_fall_threshold_crossing_count,hspice_rx_rise_threshold_crossing_count,hspice_rx_fall_threshold_crossing_count,hspice_tx_rise50_ns,hspice_rx_rise50_ns,hspice_tx_fall50_ns,hspice_rx_fall50_ns,hspice_rx_minus_tx_rise50_ps,hspice_rx_minus_tx_fall50_ps,ngspice_tx_rise_threshold_crossing_count,ngspice_tx_fall_threshold_crossing_count,ngspice_rx_rise_threshold_crossing_count,ngspice_rx_fall_threshold_crossing_count,ngspice_tx_rise50_ns,ngspice_rx_rise50_ns,ngspice_tx_fall50_ns,ngspice_rx_fall50_ns,ngspice_rx_minus_tx_rise50_ps,ngspice_rx_minus_tx_fall50_ps,rx_minus_tx_rise50_ps_delta_ps,rx_minus_tx_fall50_ps_delta_ps,hspice_threshold_delay_confidence,hspice_threshold_delay_confidence_reasons,rx_shape_hspice_audit_class,rx_shape_hspice_audit_reason,rx_timing_hspice_audit_class,rx_timing_hspice_audit_reason,overlay_plot
ok,,ntwk2_e1c16499,raw_vector_5r5c_lin,vector_5r5c,raw,False,skrf_tests,calibration,WARN,audit_amp1p5_edge5_r50,5.0,1.5,results/sparam_vector_fit_campaign_v1_2026-06-17_fast_overnight_v2/channels/ntwk2_e1c16499/vf_hspice_audit/raw_vector_5r5c_lin/audit_amp1p5_edge5_r50_hspice.tr0,results/sparam_vector_fit_campaign_v1_2026-06-17_fast_overnight_v2/channels/ntwk2_e1c16499/vf_hspice_audit/raw_vector_5r5c_lin/audit_amp1p5_edge5_r50_hspice.lis,results/sparam_vector_fit_campaign_v1_2026-06-17_fast_overnight_v2/channels/ntwk2_e1c16499/vf_hspice_audit/raw_vector_5r5c_lin/ngspice/audit_amp1p5_edge5_r50.raw,results/sparam_vector_fit_campaign_v1_2026-06-17_fast_overnight_v2/channels/ntwk2_e1c16499/vf_hspice_audit/raw_vector_5r5c_lin/ngspice/audit_amp1p5_edge5_r50.log,WARN,voltage_pass_threshold_delay_confidence_low,WARN,rx_timing_threshold_confidence_low,PASS,reflection/TX thresholds passed,0.0030594974242523303,0.10722162515381473,0.0012701794563947835,0.041676983636416254,1.078149e-79,0.7834442,0.3917221,7.863326e-80,0.7131999,0.35659995,0.0,0.7857142857758898,0.3928571428879449,0.0,0.7142857140746766,0.3571428570373383,0.7834442,0.7131999,0.7857142857758898,0.7142857140746766,0.35659995,0.0063788118755886865,0.10722162515381473,0.0026082522052489863,0.041676983636416254,1,1,1,1,1.003129950041007,1.0109763419206572,9.003135472211019,9.011004158479608,7.846391879650251,7.868686268588723,3,3,1,1,1.0020741523362837,1.011688640278405,9.002114484677715,9.011662781831387,9.614487942121539,9.54829715367121,1.7680960624712876,1.6796108850824876,low,ngspice_tx_fall_threshold_ambiguous;ngspice_tx_rise_threshold_ambiguous,PASS,rx shape thresholds passed,WARN,rx_timing_threshold_confidence_low,results/sparam_vector_fit_campaign_v1_2026-06-17_fast_overnight_v2/plots/hspice_overlays/ntwk2_e1c16499_raw_vector_5r5c_lin_audit_amp1p5_edge5_r50.png
ok,,ntwk2_e1c16499,raw_vector_5r5c_lin,vector_5r5c,raw,False,skrf_tests,calibration,WARN,audit_amp1p5_edge50_r50,50.0,1.5,results/sparam_vector_fit_campaign_v1_2026-06-17_fast_overnight_v2/channels/ntwk2_e1c16499/vf_hspice_audit/raw_vector_5r5c_lin/audit_amp1p5_edge50_r50_hspice.tr0,results/sparam_vector_fit_campaign_v1_2026-06-17_fast_overnight_v2/channels/ntwk2_e1c16499/vf_hspice_audit/raw_vector_5r5c_lin/audit_amp1p5_edge50_r50_hspice.lis,results/sparam_vector_fit_campaign_v1_2026-06-17_fast_overnight_v2/channels/ntwk2_e1c16499/vf_hspice_audit/raw_vector_5r5c_lin/ngspice/audit_amp1p5_edge50_r50.raw,results/sparam_vector_fit_campaign_v1_2026-06-17_fast_overnight_v2/channels/ntwk2_e1c16499/vf_hspice_audit/raw_vector_5r5c_lin/ngspice/audit_amp1p5_edge50_r50.log,PASS,thresholds passed,PASS,rx shape and timing thresholds passed,PASS,reflection/TX thresholds passed,0.0011212616084508742,0.008201018934340998,0.000561925529989189,0.0062980111997273935,1.078149e-79,0.7834398499999999,0.39171992499999997,7.863326e-80,0.7131978,0.3565989,0.0,0.7857142857758772,0.3928571428879386,0.0,0.7142857140743843,0.3571428570371922,0.7834398499999999,0.7131978,0.7857142857758772,0.7142857140743843,0.3565989,0.0023208196991222176,0.008201018934340998,0.0011635041991754813,0.0062980111997273935,1,1,1,1,1.0290117586131153,1.0344354080864722,9.02901021998928,9.034434328658426,5.423649473356741,5.424108669145881,1,1,1,1,1.02894096045911,1.034393382215907,9.029096056574389,9.034471007407314,5.452421756797042,5.374950832924843,0.02877228344030147,-0.04915783622103831,high,,PASS,rx shape thresholds passed,PASS,rx timing thresholds passed,results/sparam_vector_fit_campaign_v1_2026-06-17_fast_overnight_v2/plots/hspice_overlays/ntwk2_e1c16499_raw_vector_5r5c_lin_audit_amp1p5_edge50_r50.png
ok,,ntwk2_e1c16499,raw_vector_5r5c_lin,vector_5r5c,raw,False,skrf_tests,calibration,WARN,audit_amp1p5_edge500_r50,500.0,1.5,results/sparam_vector_fit_campaign_v1_2026-06-17_fast_overnight_v2/channels/ntwk2_e1c16499/vf_hspice_audit/raw_vector_5r5c_lin/audit_amp1p5_edge500_r50_hspice.tr0,results/sparam_vector_fit_campaign_v1_2026-06-17_fast_overnight_v2/channels/ntwk2_e1c16499/vf_hspice_audit/raw_vector_5r5c_lin/audit_amp1p5_edge500_r50_hspice.lis,results/sparam_vector_fit_campaign_v1_2026-06-17_fast_overnight_v2/channels/ntwk2_e1c16499/vf_hspice_audit/raw_vector_5r5c_lin/ngspice/audit_amp1p5_edge500_r50.raw,results/sparam_vector_fit_campaign_v1_2026-06-17_fast_overnight_v2/channels/ntwk2_e1c16499/vf_hspice_audit/raw_vector_5r5c_lin/ngspice/audit_amp1p5_edge500_r50.log,PASS,thresholds passed,PASS,rx shape and timing thresholds passed,PASS,reflection/TX thresholds passed,0.0010791585882260508,0.0025827526650958887,0.0005173440400195725,0.0017033056727694396,1.078149e-79,0.7834253,0.39171265,7.863326e-80,0.7131901,0.35659505,0.0,0.7857142857757868,0.3928571428878934,0.0,0.7142857140717982,0.3571428570358991,0.7834253,0.7131901,0.7857142857757868,0.7142857140717982,0.35659505,0.0021890146312875357,0.0025827526650958887,0.0010499973284028464,0.0017033056727694396,1,1,1,1,1.2535566152863415,1.2591847141139678,9.253554763163205,9.259183621595978,5.628098827626293,5.628858432772325,1,1,1,1,1.2532219028066256,1.2590212969450731,9.254678530118424,9.25978822679523,5.799394138447566,5.109696676806132,0.17129531082127247,-0.5191617559661932,high,,PASS,rx shape thresholds passed,PASS,rx timing thresholds passed,results/sparam_vector_fit_campaign_v1_2026-06-17_fast_overnight_v2/plots/hspice_overlays/ntwk2_e1c16499_raw_vector_5r5c_lin_audit_amp1p5_edge500_r50.png
ok,,ntwk3_ad74ab42,raw_vector_5r5c_log,vector_5r5c,raw,False,skrf_tests,calibration,FAIL,audit_amp1p5_edge5_r50,5.0,1.5,results/sparam_vector_fit_campaign_v1_2026-06-17_fast_overnight_v2/channels/ntwk3_ad74ab42/vf_hspice_audit/raw_vector_5r5c_log/audit_amp1p5_edge5_r50_hspice.tr0,results/sparam_vector_fit_campaign_v1_2026-06-17_fast_overnight_v2/channels/ntwk3_ad74ab42/vf_hspice_audit/raw_vector_5r5c_log/audit_amp1p5_edge5_r50_hspice.lis,results/sparam_vector_fit_campaign_v1_2026-06-17_fast_overnight_v2/channels/ntwk3_ad74ab42/vf_hspice_audit/raw_vector_5r5c_log/ngspice/audit_amp1p5_edge5_r50.raw,results/sparam_vector_fit_campaign_v1_2026-06-17_fast_overnight_v2/channels/ntwk3_ad74ab42/vf_hspice_audit/raw_vector_5r5c_log/ngspice/audit_amp1p5_edge5_r50.log,WARN,voltage_pass_threshold_delay_confidence_low,WARN,rx_timing_threshold_confidence_low,PASS,reflection/TX thresholds passed,0.00019297947242983887,0.003837499342748435,0.0009994038513424707,0.01938866034167447,1.403059e-91,0.8181955,0.40909775,0.0,0.6815702,0.3407851,0.0,0.8181818181943575,0.40909090909717877,0.0,0.681818181748538,0.340909090874269,0.8181955,0.6815702,0.8181818181943575,0.681818181748538,0.3407851,0.0003971571506112855,0.003837499342748435,0.0020794426587506594,0.01938866034167447,3,3,1,1,1.0026716289328865,1.0323043165349797,9.002634034374003,9.032344467869079,29.632687602093174,29.710433495077087,3,3,1,1,1.0022639605020829,1.033027814693132,9.002248443267117,9.032942952485955,30.76385419104912,30.69450921883757,1.1311665889559457,0.9840757237604834,low,hspice_tx_fall_threshold_ambiguous;hspice_tx_rise_threshold_ambiguous;ngspice_tx_fall_threshold_ambiguous;ngspice_tx_rise_threshold_ambiguous,PASS,rx shape thresholds passed,WARN,rx_timing_threshold_confidence_low,results/sparam_vector_fit_campaign_v1_2026-06-17_fast_overnight_v2/plots/hspice_overlays/ntwk3_ad74ab42_raw_vector_5r5c_log_audit_amp1p5_edge5_r50.png
ok,,ntwk3_ad74ab42,raw_vector_5r5c_log,vector_5r5c,raw,False,skrf_tests,calibration,FAIL,audit_amp1p5_edge50_r50,50.0,1.5,results/sparam_vector_fit_campaign_v1_2026-06-17_fast_overnight_v2/channels/ntwk3_ad74ab42/vf_hspice_audit/raw_vector_5r5c_log/audit_amp1p5_edge50_r50_hspice.tr0,results/sparam_vector_fit_campaign_v1_2026-06-17_fast_overnight_v2/channels/ntwk3_ad74ab42/vf_hspice_audit/raw_vector_5r5c_log/audit_amp1p5_edge50_r50_hspice.lis,results/sparam_vector_fit_campaign_v1_2026-06-17_fast_overnight_v2/channels/ntwk3_ad74ab42/vf_hspice_audit/raw_vector_5r5c_log/ngspice/audit_amp1p5_edge50_r50.raw,results/sparam_vector_fit_campaign_v1_2026-06-17_fast_overnight_v2/channels/ntwk3_ad74ab42/vf_hspice_audit/raw_vector_5r5c_log/ngspice/audit_amp1p5_edge50_r50.log,PASS,thresholds passed,PASS,rx shape and timing thresholds passed,PASS,reflection/TX thresholds passed,8.882983646261719e-05,0.0016938135230757656,0.00038298549801156067,0.0077662930839682565,1.403059e-91,0.81819595,0.409097975,0.0,0.6815653,0.34078265,0.0,0.8181818181944202,0.4090909090972101,0.0,0.6818181817484941,0.34090909087424703,0.81819595,0.6815653,0.8181818181944202,0.6818181817484941,0.34078265,0.00018432148774199597,0.0016938135230757656,0.000795654531238877,0.0077662930839682565,1,1,1,1,1.046993956328257,1.0589316445181878,9.047081407267525,9.058941610605284,11.937688189930617,11.86020333775862,1,1,1,1,1.0470519611356424,1.059241010863857,9.047040500158865,9.059247020329064,12.189049728214759,12.206520170198727,0.25136153828414187,0.3463168324401078,high,,PASS,rx shape thresholds passed,PASS,rx timing thresholds passed,results/sparam_vector_fit_campaign_v1_2026-06-17_fast_overnight_v2/plots/hspice_overlays/ntwk3_ad74ab42_raw_vector_5r5c_log_audit_amp1p5_edge50_r50.png
ok,,ntwk3_ad74ab42,raw_vector_5r5c_log,vector_5r5c,raw,False,skrf_tests,calibration,FAIL,audit_amp1p5_edge500_r50,500.0,1.5,results/sparam_vector_fit_campaign_v1_2026-06-17_fast_overnight_v2/channels/ntwk3_ad74ab42/vf_hspice_audit/raw_vector_5r5c_log/audit_amp1p5_edge500_r50_hspice.tr0,results/sparam_vector_fit_campaign_v1_2026-06-17_fast_overnight_v2/channels/ntwk3_ad74ab42/vf_hspice_audit/raw_vector_5r5c_log/audit_amp1p5_edge500_r50_hspice.lis,results/sparam_vector_fit_campaign_v1_2026-06-17_fast_overnight_v2/channels/ntwk3_ad74ab42/vf_hspice_audit/raw_vector_5r5c_log/ngspice/audit_amp1p5_edge500_r50.raw,results/sparam_vector_fit_campaign_v1_2026-06-17_fast_overnight_v2/channels/ntwk3_ad74ab42/vf_hspice_audit/raw_vector_5r5c_log/ngspice/audit_amp1p5_edge500_r50.log,PASS,thresholds passed,PASS,rx shape and timing thresholds passed,PASS,reflection/TX thresholds passed,1.2150613791925652e-05,0.0001519054099724526,0.00013582083435339468,0.0007897160372483114,1.403059e-91,0.8181941,0.40909705,0.0,0.68155035,0.340775175,0.0,0.8181818181785829,0.40909090908929147,0.0,0.6818181817402669,0.34090909087013344,0.8181941,0.68155035,0.8181818181785829,0.6818181817402669,0.340775175,2.2800697655621538e-05,0.0001519054099724526,0.000274989852055917,0.0007897160372483114,1,1,1,1,1.278474490687894,1.2895713101739033,9.2784658448357,9.289539420380738,11.096819486009398,11.073575545036695,1,1,1,1,1.2784585966528013,1.289502698958496,9.278450998940663,9.28969897246706,11.044102305694468,11.247973526396054,-0.052717180314930445,0.17439798135935902,high,,PASS,rx shape thresholds passed,PASS,rx timing thresholds passed,results/sparam_vector_fit_campaign_v1_2026-06-17_fast_overnight_v2/plots/hspice_overlays/ntwk3_ad74ab42_raw_vector_5r5c_log_audit_amp1p5_edge500_r50.png
ok,,ntwk2_24638a5f,raw_vector_5r5c_lin,vector_5r5c,raw,False,skrf_tests,calibration,WARN,audit_amp1p5_edge5_r50,5.0,1.5,results/sparam_vector_fit_campaign_v1_2026-06-17_fast_overnight_v2/channels/ntwk2_24638a5f/vf_hspice_audit/raw_vector_5r5c_lin/audit_amp1p5_edge5_r50_hspice.tr0,results/sparam_vector_fit_campaign_v1_2026-06-17_fast_overnight_v2/channels/ntwk2_24638a5f/vf_hspice_audit/raw_vector_5r5c_lin/audit_amp1p5_edge5_r50_hspice.lis,results/sparam_vector_fit_campaign_v1_2026-06-17_fast_overnight_v2/channels/ntwk2_24638a5f/vf_hspice_audit/raw_vector_5r5c_lin/ngspice/audit_amp1p5_edge5_r50.raw,results/sparam_vector_fit_campaign_v1_2026-06-17_fast_overnight_v2/channels/ntwk2_24638a5f/vf_hspice_audit/raw_vector_5r5c_lin/ngspice/audit_amp1p5_edge5_r50.log,WARN,voltage_pass_threshold_delay_confidence_low,WARN,rx_timing_threshold_confidence_low,PASS,reflection/TX thresholds passed,0.0030594974242523303,0.10722162515381473,0.0012701794563947835,0.041676983636416254,1.078149e-79,0.7834442,0.3917221,7.863326e-80,0.7131999,0.35659995,0.0,0.7857142857758898,0.3928571428879449,0.0,0.7142857140746766,0.3571428570373383,0.7834442,0.7131999,0.7857142857758898,0.7142857140746766,0.35659995,0.0063788118755886865,0.10722162515381473,0.0026082522052489863,0.041676983636416254,1,1,1,1,1.003129950041007,1.0109763419206572,9.003135472211019,9.011004158479608,7.846391879650251,7.868686268588723,3,3,1,1,1.0020741523362837,1.011688640278405,9.002114484677715,9.011662781831387,9.614487942121539,9.54829715367121,1.7680960624712876,1.6796108850824876,low,ngspice_tx_fall_threshold_ambiguous;ngspice_tx_rise_threshold_ambiguous,PASS,rx shape thresholds passed,WARN,rx_timing_threshold_confidence_low,results/sparam_vector_fit_campaign_v1_2026-06-17_fast_overnight_v2/plots/hspice_overlays/ntwk2_24638a5f_raw_vector_5r5c_lin_audit_amp1p5_edge5_r50.png
ok,,ntwk2_24638a5f,raw_vector_5r5c_lin,vector_5r5c,raw,False,skrf_tests,calibration,WARN,audit_amp1p5_edge50_r50,50.0,1.5,results/sparam_vector_fit_campaign_v1_2026-06-17_fast_overnight_v2/channels/ntwk2_24638a5f/vf_hspice_audit/raw_vector_5r5c_lin/audit_amp1p5_edge50_r50_hspice.tr0,results/sparam_vector_fit_campaign_v1_2026-06-17_fast_overnight_v2/channels/ntwk2_24638a5f/vf_hspice_audit/raw_vector_5r5c_lin/audit_amp1p5_edge50_r50_hspice.lis,results/sparam_vector_fit_campaign_v1_2026-06-17_fast_overnight_v2/channels/ntwk2_24638a5f/vf_hspice_audit/raw_vector_5r5c_lin/ngspice/audit_amp1p5_edge50_r50.raw,results/sparam_vector_fit_campaign_v1_2026-06-17_fast_overnight_v2/channels/ntwk2_24638a5f/vf_hspice_audit/raw_vector_5r5c_lin/ngspice/audit_amp1p5_edge50_r50.log,PASS,thresholds passed,PASS,rx shape and timing thresholds passed,PASS,reflection/TX thresholds passed,0.0011212616084508742,0.008201018934340998,0.000561925529989189,0.0062980111997273935,1.078149e-79,0.7834398499999999,0.39171992499999997,7.863326e-80,0.7131978,0.3565989,0.0,0.7857142857758772,0.3928571428879386,0.0,0.7142857140743843,0.3571428570371922,0.7834398499999999,0.7131978,0.7857142857758772,0.7142857140743843,0.3565989,0.0023208196991222176,0.008201018934340998,0.0011635041991754813,0.0062980111997273935,1,1,1,1,1.0290117586131153,1.0344354080864722,9.02901021998928,9.034434328658426,5.423649473356741,5.424108669145881,1,1,1,1,1.02894096045911,1.034393382215907,9.029096056574389,9.034471007407314,5.452421756797042,5.374950832924843,0.02877228344030147,-0.04915783622103831,high,,PASS,rx shape thresholds passed,PASS,rx timing thresholds passed,results/sparam_vector_fit_campaign_v1_2026-06-17_fast_overnight_v2/plots/hspice_overlays/ntwk2_24638a5f_raw_vector_5r5c_lin_audit_amp1p5_edge50_r50.png
ok,,ntwk2_24638a5f,raw_vector_5r5c_lin,vector_5r5c,raw,False,skrf_tests,calibration,WARN,audit_amp1p5_edge500_r50,500.0,1.5,results/sparam_vector_fit_campaign_v1_2026-06-17_fast_overnight_v2/channels/ntwk2_24638a5f/vf_hspice_audit/raw_vector_5r5c_lin/audit_amp1p5_edge500_r50_hspice.tr0,results/sparam_vector_fit_campaign_v1_2026-06-17_fast_overnight_v2/channels/ntwk2_24638a5f/vf_hspice_audit/raw_vector_5r5c_lin/audit_amp1p5_edge500_r50_hspice.lis,results/sparam_vector_fit_campaign_v1_2026-06-17_fast_overnight_v2/channels/ntwk2_24638a5f/vf_hspice_audit/raw_vector_5r5c_lin/ngspice/audit_amp1p5_edge500_r50.raw,results/sparam_vector_fit_campaign_v1_2026-06-17_fast_overnight_v2/channels/ntwk2_24638a5f/vf_hspice_audit/raw_vector_5r5c_lin/ngspice/audit_amp1p5_edge500_r50.log,PASS,thresholds passed,PASS,rx shape and timing thresholds passed,PASS,reflection/TX thresholds passed,0.0010791585882260508,0.0025827526650958887,0.0005173440400195725,0.0017033056727694396,1.078149e-79,0.7834253,0.39171265,7.863326e-80,0.7131901,0.35659505,0.0,0.7857142857757868,0.3928571428878934,0.0,0.7142857140717982,0.3571428570358991,0.7834253,0.7131901,0.7857142857757868,0.7142857140717982,0.35659505,0.0021890146312875357,0.0025827526650958887,0.0010499973284028464,0.0017033056727694396,1,1,1,1,1.2535566152863415,1.2591847141139678,9.253554763163205,9.259183621595978,5.628098827626293,5.628858432772325,1,1,1,1,1.2532219028066256,1.2590212969450731,9.254678530118424,9.25978822679523,5.799394138447566,5.109696676806132,0.17129531082127247,-0.5191617559661932,high,,PASS,rx shape thresholds passed,PASS,rx timing thresholds passed,results/sparam_vector_fit_campaign_v1_2026-06-17_fast_overnight_v2/plots/hspice_overlays/ntwk2_24638a5f_raw_vector_5r5c_lin_audit_amp1p5_edge500_r50.png
ok,,ntwk3_8f8a2430,raw_vector_5r5c_log,vector_5r5c,raw,False,skrf_tests,holdout,FAIL,audit_amp1p5_edge5_r50,5.0,1.5,results/sparam_vector_fit_campaign_v1_2026-06-17_fast_overnight_v2/channels/ntwk3_8f8a2430/vf_hspice_audit/raw_vector_5r5c_log/audit_amp1p5_edge5_r50_hspice.tr0,results/sparam_vector_fit_campaign_v1_2026-06-17_fast_overnight_v2/channels/ntwk3_8f8a2430/vf_hspice_audit/raw_vector_5r5c_log/audit_amp1p5_edge5_r50_hspice.lis,results/sparam_vector_fit_campaign_v1_2026-06-17_fast_overnight_v2/channels/ntwk3_8f8a2430/vf_hspice_audit/raw_vector_5r5c_log/ngspice/audit_amp1p5_edge5_r50.raw,results/sparam_vector_fit_campaign_v1_2026-06-17_fast_overnight_v2/channels/ntwk3_8f8a2430/vf_hspice_audit/raw_vector_5r5c_log/ngspice/audit_amp1p5_edge5_r50.log,WARN,voltage_pass_threshold_delay_confidence_low,WARN,rx_timing_threshold_confidence_low,PASS,reflection/TX thresholds passed,0.00019297947242983887,0.003837499342748435,0.0009994038513424707,0.01938866034167447,1.403059e-91,0.8181955,0.40909775,0.0,0.6815702,0.3407851,0.0,0.8181818181943575,0.40909090909717877,0.0,0.681818181748538,0.340909090874269,0.8181955,0.6815702,0.8181818181943575,0.681818181748538,0.3407851,0.0003971571506112855,0.003837499342748435,0.0020794426587506594,0.01938866034167447,3,3,1,1,1.0026716289328865,1.0323043165349797,9.002634034374003,9.032344467869079,29.632687602093174,29.710433495077087,3,3,1,1,1.0022639605020829,1.033027814693132,9.002248443267117,9.032942952485955,30.76385419104912,30.69450921883757,1.1311665889559457,0.9840757237604834,low,hspice_tx_fall_threshold_ambiguous;hspice_tx_rise_threshold_ambiguous;ngspice_tx_fall_threshold_ambiguous;ngspice_tx_rise_threshold_ambiguous,PASS,rx shape thresholds passed,WARN,rx_timing_threshold_confidence_low,results/sparam_vector_fit_campaign_v1_2026-06-17_fast_overnight_v2/plots/hspice_overlays/ntwk3_8f8a2430_raw_vector_5r5c_log_audit_amp1p5_edge5_r50.png
ok,,ntwk3_8f8a2430,raw_vector_5r5c_log,vector_5r5c,raw,False,skrf_tests,holdout,FAIL,audit_amp1p5_edge50_r50,50.0,1.5,results/sparam_vector_fit_campaign_v1_2026-06-17_fast_overnight_v2/channels/ntwk3_8f8a2430/vf_hspice_audit/raw_vector_5r5c_log/audit_amp1p5_edge50_r50_hspice.tr0,results/sparam_vector_fit_campaign_v1_2026-06-17_fast_overnight_v2/channels/ntwk3_8f8a2430/vf_hspice_audit/raw_vector_5r5c_log/audit_amp1p5_edge50_r50_hspice.lis,results/sparam_vector_fit_campaign_v1_2026-06-17_fast_overnight_v2/channels/ntwk3_8f8a2430/vf_hspice_audit/raw_vector_5r5c_log/ngspice/audit_amp1p5_edge50_r50.raw,results/sparam_vector_fit_campaign_v1_2026-06-17_fast_overnight_v2/channels/ntwk3_8f8a2430/vf_hspice_audit/raw_vector_5r5c_log/ngspice/audit_amp1p5_edge50_r50.log,PASS,thresholds passed,PASS,rx shape and timing thresholds passed,PASS,reflection/TX thresholds passed,8.882983646261719e-05,0.0016938135230757656,0.00038298549801156067,0.0077662930839682565,1.403059e-91,0.81819595,0.409097975,0.0,0.6815653,0.34078265,0.0,0.8181818181944202,0.4090909090972101,0.0,0.6818181817484941,0.34090909087424703,0.81819595,0.6815653,0.8181818181944202,0.6818181817484941,0.34078265,0.00018432148774199597,0.0016938135230757656,0.000795654531238877,0.0077662930839682565,1,1,1,1,1.046993956328257,1.0589316445181878,9.047081407267525,9.058941610605284,11.937688189930617,11.86020333775862,1,1,1,1,1.0470519611356424,1.059241010863857,9.047040500158865,9.059247020329064,12.189049728214759,12.206520170198727,0.25136153828414187,0.3463168324401078,high,,PASS,rx shape thresholds passed,PASS,rx timing thresholds passed,results/sparam_vector_fit_campaign_v1_2026-06-17_fast_overnight_v2/plots/hspice_overlays/ntwk3_8f8a2430_raw_vector_5r5c_log_audit_amp1p5_edge50_r50.png
ok,,ntwk3_8f8a2430,raw_vector_5r5c_log,vector_5r5c,raw,False,skrf_tests,holdout,FAIL,audit_amp1p5_edge500_r50,500.0,1.5,results/sparam_vector_fit_campaign_v1_2026-06-17_fast_overnight_v2/channels/ntwk3_8f8a2430/vf_hspice_audit/raw_vector_5r5c_log/audit_amp1p5_edge500_r50_hspice.tr0,results/sparam_vector_fit_campaign_v1_2026-06-17_fast_overnight_v2/channels/ntwk3_8f8a2430/vf_hspice_audit/raw_vector_5r5c_log/audit_amp1p5_edge500_r50_hspice.lis,results/sparam_vector_fit_campaign_v1_2026-06-17_fast_overnight_v2/channels/ntwk3_8f8a2430/vf_hspice_audit/raw_vector_5r5c_log/ngspice/audit_amp1p5_edge500_r50.raw,results/sparam_vector_fit_campaign_v1_2026-06-17_fast_overnight_v2/channels/ntwk3_8f8a2430/vf_hspice_audit/raw_vector_5r5c_log/ngspice/audit_amp1p5_edge500_r50.log,PASS,thresholds passed,PASS,rx shape and timing thresholds passed,PASS,reflection/TX thresholds passed,1.2150613791925652e-05,0.0001519054099724526,0.00013582083435339468,0.0007897160372483114,1.403059e-91,0.8181941,0.40909705,0.0,0.68155035,0.340775175,0.0,0.8181818181785829,0.40909090908929147,0.0,0.6818181817402669,0.34090909087013344,0.8181941,0.68155035,0.8181818181785829,0.6818181817402669,0.340775175,2.2800697655621538e-05,0.0001519054099724526,0.000274989852055917,0.0007897160372483114,1,1,1,1,1.278474490687894,1.2895713101739033,9.2784658448357,9.289539420380738,11.096819486009398,11.073575545036695,1,1,1,1,1.2784585966528013,1.289502698958496,9.278450998940663,9.28969897246706,11.044102305694468,11.247973526396054,-0.052717180314930445,0.17439798135935902,high,,PASS,rx shape thresholds passed,PASS,rx timing thresholds passed,results/sparam_vector_fit_campaign_v1_2026-06-17_fast_overnight_v2/plots/hspice_overlays/ntwk3_8f8a2430_raw_vector_5r5c_log_audit_amp1p5_edge500_r50.png
ok,,Clarity_example_acf20e4a,raw_vector_3r3c_lin,vector_3r3c,raw,False,skrf_tests,calibration,WARN,audit_amp1p5_edge5_r50,5.0,1.5,results/sparam_vector_fit_campaign_v1_2026-06-17_fast_overnight_v2/channels/Clarity_example_acf20e4a/vf_hspice_audit/raw_vector_3r3c_lin/audit_amp1p5_edge5_r50_hspice.tr0,results/sparam_vector_fit_campaign_v1_2026-06-17_fast_overnight_v2/channels/Clarity_example_acf20e4a/vf_hspice_audit/raw_vector_3r3c_lin/audit_amp1p5_edge5_r50_hspice.lis,results/sparam_vector_fit_campaign_v1_2026-06-17_fast_overnight_v2/channels/Clarity_example_acf20e4a/vf_hspice_audit/raw_vector_3r3c_lin/ngspice/audit_amp1p5_edge5_r50.raw,results/sparam_vector_fit_campaign_v1_2026-06-17_fast_overnight_v2/channels/Clarity_example_acf20e4a/vf_hspice_audit/raw_vector_3r3c_lin/ngspice/audit_amp1p5_edge5_r50.log,FAIL,rx_active_rmse;rx_active_maxabs,FAIL,rx_active_rmse;rx_active_maxabs,PASS,reflection/TX thresholds passed,0.005219483075786746,0.0412880031643318,0.023282249751111313,0.19666711928883485,5.024248e-90,0.78339905,0.391699525,8.024863e-90,1.0223795,0.51118975,0.0,0.7494581466891982,0.3747290733445991,0.0,0.7477346002328695,0.37386730011643476,0.78339905,1.0223795,0.7494581466891982,0.7477346002328695,0.51118975,0.00817599378505233,0.0412880031643318,0.04715127710963358,0.19666711928883485,1,1,1,3,1.0025867699175792,1.3840772256317164,9.00232105774671,9.050898067201201,381.4904557141372,48.5770094544909,1,1,1,3,1.0022611512720305,1.3816014750194812,9.002063830269035,9.0033111963293,379.3403237474508,1.2473660602638947,-2.1501319666864447,-47.329643394227006,low,hspice_rx_fall_threshold_ambiguous;ngspice_rx_fall_threshold_ambiguous,FAIL,rx_active_rmse;rx_active_maxabs,WARN,rx_timing_threshold_confidence_low,results/sparam_vector_fit_campaign_v1_2026-06-17_fast_overnight_v2/plots/hspice_overlays/Clarity_example_acf20e4a_raw_vector_3r3c_lin_audit_amp1p5_edge5_r50.png
ok,,Clarity_example_acf20e4a,raw_vector_3r3c_lin,vector_3r3c,raw,False,skrf_tests,calibration,WARN,audit_amp1p5_edge50_r50,50.0,1.5,results/sparam_vector_fit_campaign_v1_2026-06-17_fast_overnight_v2/channels/Clarity_example_acf20e4a/vf_hspice_audit/raw_vector_3r3c_lin/audit_amp1p5_edge50_r50_hspice.tr0,results/sparam_vector_fit_campaign_v1_2026-06-17_fast_overnight_v2/channels/Clarity_example_acf20e4a/vf_hspice_audit/raw_vector_3r3c_lin/audit_amp1p5_edge50_r50_hspice.lis,results/sparam_vector_fit_campaign_v1_2026-06-17_fast_overnight_v2/channels/Clarity_example_acf20e4a/vf_hspice_audit/raw_vector_3r3c_lin/ngspice/audit_amp1p5_edge50_r50.raw,results/sparam_vector_fit_campaign_v1_2026-06-17_fast_overnight_v2/channels/Clarity_example_acf20e4a/vf_hspice_audit/raw_vector_3r3c_lin/ngspice/audit_amp1p5_edge50_r50.log,FAIL,rx_active_rmse;rx_active_maxabs,FAIL,rx_active_rmse;rx_active_maxabs,PASS,reflection/TX thresholds passed,0.004650889611795459,0.02053560172787031,0.012044062662261977,0.09833911188892541,5.024248e-90,0.78306435,0.391532175,8.024863e-90,0.88142995,0.440714975,0.0,0.7494400125993672,0.3747200062996836,0.0,0.7477345247779452,0.3738672623889726,0.78306435,0.88142995,0.7494400125993672,0.7477345247779452,0.440714975,0.006649356387560488,0.02053560172787031,0.023348112314136974,0.09833911188892541,1,1,1,1,1.0255066621420925,1.387711281791487,9.02292949437862,9.353125071668451,362.2046196493945,330.19557728983216,1,1,1,1,1.0235280285128878,1.391728042401773,9.021422901345764,9.368376637563355,368.2000138888851,346.9537362175901,5.995394239490622,16.75815892775796,high,,FAIL,rx_active_rmse;rx_active_maxabs,PASS,rx timing thresholds passed,results/sparam_vector_fit_campaign_v1_2026-06-17_fast_overnight_v2/plots/hspice_overlays/Clarity_example_acf20e4a_raw_vector_3r3c_lin_audit_amp1p5_edge50_r50.png
ok,,Clarity_example_acf20e4a,raw_vector_3r3c_lin,vector_3r3c,raw,False,skrf_tests,calibration,WARN,audit_amp1p5_edge500_r50,500.0,1.5,results/sparam_vector_fit_campaign_v1_2026-06-17_fast_overnight_v2/channels/Clarity_example_acf20e4a/vf_hspice_audit/raw_vector_3r3c_lin/audit_amp1p5_edge500_r50_hspice.tr0,results/sparam_vector_fit_campaign_v1_2026-06-17_fast_overnight_v2/channels/Clarity_example_acf20e4a/vf_hspice_audit/raw_vector_3r3c_lin/audit_amp1p5_edge500_r50_hspice.lis,results/sparam_vector_fit_campaign_v1_2026-06-17_fast_overnight_v2/channels/Clarity_example_acf20e4a/vf_hspice_audit/raw_vector_3r3c_lin/ngspice/audit_amp1p5_edge500_r50.raw,results/sparam_vector_fit_campaign_v1_2026-06-17_fast_overnight_v2/channels/Clarity_example_acf20e4a/vf_hspice_audit/raw_vector_3r3c_lin/ngspice/audit_amp1p5_edge500_r50.log,PASS,thresholds passed,PASS,rx shape and timing thresholds passed,PASS,reflection/TX thresholds passed,0.00377537502735838,0.006588246931834275,0.004733943765574022,0.019634684163285898,5.024248e-90,0.7799969,0.38999845,8.024863e-90,0.7456798,0.3728399,0.0,0.7494302646285413,0.37471513231427067,0.0,0.7477312225004616,0.3738656112502308,0.7799969,0.7456798,0.7494302646285413,0.7477312225004616,0.3728399,0.0038107116586001723,0.006588246931834275,0.006424750303628422,0.019634684163285898,1,1,1,1,1.2496141029903063,1.6221884617790072,9.225959991130342,9.618808111264999,372.57435878870075,392.8481201346566,1,1,1,1,1.2484988799623316,1.6053258147566714,9.22907313239376,9.606926094018025,356.8269347943397,377.85296162426533,-15.747423994361043,-14.995158510391263,high,,PASS,rx shape thresholds passed,PASS,rx timing thresholds passed,results/sparam_vector_fit_campaign_v1_2026-06-17_fast_overnight_v2/plots/hspice_overlays/Clarity_example_acf20e4a_raw_vector_3r3c_lin_audit_amp1p5_edge500_r50.png
ok,,Clarity_example_Fitted_55b55a71,raw_auto_fit_default,auto_fit_default,raw,False,repo_local,calibration,WARN,audit_amp1p5_edge5_r50,5.0,1.5,results/sparam_vector_fit_campaign_v1_2026-06-17_fast_overnight_v2/channels/Clarity_example_Fitted_55b55a71/vf_hspice_audit/raw_auto_fit_default/audit_amp1p5_edge5_r50_hspice.tr0,results/sparam_vector_fit_campaign_v1_2026-06-17_fast_overnight_v2/channels/Clarity_example_Fitted_55b55a71/vf_hspice_audit/raw_auto_fit_default/audit_amp1p5_edge5_r50_hspice.lis,results/sparam_vector_fit_campaign_v1_2026-06-17_fast_overnight_v2/channels/Clarity_example_Fitted_55b55a71/vf_hspice_audit/raw_auto_fit_default/ngspice/audit_amp1p5_edge5_r50.raw,results/sparam_vector_fit_campaign_v1_2026-06-17_fast_overnight_v2/channels/Clarity_example_Fitted_55b55a71/vf_hspice_audit/raw_auto_fit_default/ngspice/audit_amp1p5_edge5_r50.log,FAIL,rx_active_rmse;rx_active_maxabs,FAIL,rx_active_rmse;rx_active_maxabs,PASS,reflection/TX thresholds passed,0.002975450539444853,0.02659558469523582,0.01778460809499339,0.18437255147055823,6.925187e-74,0.8073872,0.4036936,5.173062e-74,1.060011,0.5300055,0.0,0.7499147498299263,0.37495737491496317,0.0,0.7481810667415557,0.37409053337077786,0.8073872,1.060011,0.7499147498299263,0.7481810667415557,0.5300055,0.005993640466458068,0.02659558469523582,0.03644323717966242,0.18437255147055823,1,1,1,3,1.0025595464729102,1.3875245688035736,9.002197323593958,9.050524641754345,384.96502233066315,48.32731816038799,1,1,1,3,1.0025532906284267,1.3886504632245709,9.002187964760067,9.003140927736029,386.09717259614416,0.9529629759626146,1.132150265481016,-47.374355184425376,low,hspice_rx_fall_threshold_ambiguous;ngspice_rx_fall_threshold_ambiguous,FAIL,rx_active_rmse;rx_active_maxabs,WARN,rx_timing_threshold_confidence_low,results/sparam_vector_fit_campaign_v1_2026-06-17_fast_overnight_v2/plots/hspice_overlays/Clarity_example_Fitted_55b55a71_raw_auto_fit_default_audit_amp1p5_edge5_r50.png
ok,,Clarity_example_Fitted_55b55a71,raw_auto_fit_default,auto_fit_default,raw,False,repo_local,calibration,WARN,audit_amp1p5_edge50_r50,50.0,1.5,results/sparam_vector_fit_campaign_v1_2026-06-17_fast_overnight_v2/channels/Clarity_example_Fitted_55b55a71/vf_hspice_audit/raw_auto_fit_default/audit_amp1p5_edge50_r50_hspice.tr0,results/sparam_vector_fit_campaign_v1_2026-06-17_fast_overnight_v2/channels/Clarity_example_Fitted_55b55a71/vf_hspice_audit/raw_auto_fit_default/audit_amp1p5_edge50_r50_hspice.lis,results/sparam_vector_fit_campaign_v1_2026-06-17_fast_overnight_v2/channels/Clarity_example_Fitted_55b55a71/vf_hspice_audit/raw_auto_fit_default/ngspice/audit_amp1p5_edge50_r50.raw,results/sparam_vector_fit_campaign_v1_2026-06-17_fast_overnight_v2/channels/Clarity_example_Fitted_55b55a71/vf_hspice_audit/raw_auto_fit_default/ngspice/audit_amp1p5_edge50_r50.log,FAIL,rx_active_rmse;rx_active_maxabs,FAIL,rx_active_rmse;rx_active_maxabs,PASS,reflection/TX thresholds passed,0.0026577901864763944,0.02530901746738423,0.02137586519788116,0.1562207123363185,6.925187e-74,0.8020333,0.40101665,5.173062e-74,0.8805108,0.4402554,0.0,0.749909089611082,0.374954544805541,0.0,0.7481808743666616,0.3740904371833308,0.8020333,0.8805108,0.749909089611082,0.7481808743666616,0.4402554,0.005336385581980265,0.02530901746738423,0.04351635251838372,0.1562207123363185,1,1,1,1,1.024308322519907,1.3862364444794908,9.02106742915731,9.354168031987438,361.92812195958373,333.10060283012837,1,1,1,1,1.0247122699757247,1.3932718099183732,9.021551403536373,9.36840262062255,368.5595399426483,346.85121708617686,6.63141798306458,13.750614256048493,high,,FAIL,rx_active_rmse;rx_active_maxabs,PASS,rx timing thresholds passed,results/sparam_vector_fit_campaign_v1_2026-06-17_fast_overnight_v2/plots/hspice_overlays/Clarity_example_Fitted_55b55a71_raw_auto_fit_default_audit_amp1p5_edge50_r50.png
ok,,Clarity_example_Fitted_55b55a71,raw_auto_fit_default,auto_fit_default,raw,False,repo_local,calibration,WARN,audit_amp1p5_edge500_r50,500.0,1.5,results/sparam_vector_fit_campaign_v1_2026-06-17_fast_overnight_v2/channels/Clarity_example_Fitted_55b55a71/vf_hspice_audit/raw_auto_fit_default/audit_amp1p5_edge500_r50_hspice.tr0,results/sparam_vector_fit_campaign_v1_2026-06-17_fast_overnight_v2/channels/Clarity_example_Fitted_55b55a71/vf_hspice_audit/raw_auto_fit_default/audit_amp1p5_edge500_r50_hspice.lis,results/sparam_vector_fit_campaign_v1_2026-06-17_fast_overnight_v2/channels/Clarity_example_Fitted_55b55a71/vf_hspice_audit/raw_auto_fit_default/ngspice/audit_amp1p5_edge500_r50.raw,results/sparam_vector_fit_campaign_v1_2026-06-17_fast_overnight_v2/channels/Clarity_example_Fitted_55b55a71/vf_hspice_audit/raw_auto_fit_default/ngspice/audit_amp1p5_edge500_r50.log,PASS,thresholds passed,PASS,rx shape and timing thresholds passed,PASS,reflection/TX thresholds passed,0.0005693552328981263,0.0021272690446341724,0.002204601746759942,0.010324088973146739,6.925187e-74,0.78028445,0.390142225,5.173062e-74,0.74821135,0.374105675,0.0,0.7499081764739459,0.37495408823697296,0.0,0.7481653616656772,0.3740826808328386,0.78028445,0.74821135,0.7499081764739459,0.7481653616656772,0.374105675,0.0011130467028052946,0.0021272690446341724,0.0041704767135726925,0.010324088973146739,1,1,1,1,1.2482094240484112,1.6231668632277125,9.228566485648262,9.620668978969316,374.9574391793013,392.1024933210549,1,1,1,1,1.2486872436858927,1.6071934596862547,9.229748005471945,9.60720295227795,358.5062160003621,377.4549468060051,-16.451223178939188,-14.647546515049783,high,,PASS,rx shape thresholds passed,PASS,rx timing thresholds passed,results/sparam_vector_fit_campaign_v1_2026-06-17_fast_overnight_v2/plots/hspice_overlays/Clarity_example_Fitted_55b55a71_raw_auto_fit_default_audit_amp1p5_edge500_r50.png
