return_code,raw,log,points,stop_ns,v(p1)_min_v,v(p1)_max_v,v(p1)_finite,v(p2)_min_v,v(p2)_max_v,v(p2)_finite,tx_low_v,tx_active_v,tx_threshold_v,rx_low_v,rx_active_v,rx_threshold_v,tx_rise50_ns,rx_rise50_ns,tx_fall50_ns,rx_fall50_ns,rx_minus_tx_rise50_ps,rx_minus_tx_fall50_ps,tx_pre_response_abs_v,tx_overshoot_v,tx_undershoot_v,tx_settling_abs_v,tx_rise_threshold_crossing_count,tx_fall_threshold_crossing_count,tx_swing_v,tx_ringing_threshold_ambiguous,tx_overshoot_pct_swing,tx_undershoot_pct_swing,tx_settling_pct_swing,tx_pre_response_pct_swing,rx_pre_response_abs_v,rx_overshoot_v,rx_undershoot_v,rx_settling_abs_v,rx_rise_threshold_crossing_count,rx_fall_threshold_crossing_count,rx_swing_v,rx_ringing_threshold_ambiguous,rx_overshoot_pct_swing,rx_undershoot_pct_swing,rx_settling_pct_swing,rx_pre_response_pct_swing,finite_reasonable,last_trouble,case,rsrc_ohm,edge_ps,amplitude_v,voltage_shape_score_v,threshold_delay_confidence,threshold_delay_confidence_reasons,channel_id,candidate_id,candidate,preprocessing_mode,passivity_enforced
0,results/sparam_vector_fit_campaign_v1_2026-06-17_fast_overnight_v2/channels/Clarity_example_acf20e4a/vf_ngspice_smoke/raw_vector_3r3c_lin/amp1p5_edge5_ideal.raw,results/sparam_vector_fit_campaign_v1_2026-06-17_fast_overnight_v2/channels/Clarity_example_acf20e4a/vf_ngspice_smoke/raw_vector_3r3c_lin/amp1p5_edge5_ideal.log,1254,12.0,-5.551115123125783e-17,1.5,True,-0.2826222092777254,1.784307010048071,True,0.0,1.5,0.75,0.0,1.4975140562959388,0.7487570281479694,1.0024999999999997,1.360547781714895,9.002500000000001,9.360126000746737,358.04778171489517,357.62600074673617,0.0,0.0,5.551115123125783e-17,0.0,1,1,1.5,False,0.0,3.700743415417189e-15,0.0,0.0,0.0,0.2867929537521321,0.2826222092777254,0.002184258966641049,1,1,1.4975140562959388,False,19.151269568815056,18.872758361733442,0.14585899594450255,0.0,True,,amp1p5_edge5_ideal,ideal,5.0,1.5,0.2867929537521321,high,,Clarity_example_acf20e4a,raw_vector_3r3c_lin,vector_3r3c,raw,False
0,results/sparam_vector_fit_campaign_v1_2026-06-17_fast_overnight_v2/channels/Clarity_example_acf20e4a/vf_ngspice_smoke/raw_vector_3r3c_lin/amp1p5_edge50_ideal.raw,results/sparam_vector_fit_campaign_v1_2026-06-17_fast_overnight_v2/channels/Clarity_example_acf20e4a/vf_ngspice_smoke/raw_vector_3r3c_lin/amp1p5_edge50_ideal.log,1252,12.0,-2.775557561562891e-17,1.5,True,-0.2267987761984103,1.720039752744108,True,0.0,1.5,0.75,0.0,1.497513762936094,0.748756881468047,1.0250000000000001,1.3833694308680111,9.025000000000002,9.383051285432954,358.3694308680111,358.0512854329528,0.0,0.0,2.775557561562891e-17,0.0,1,1,1.5,False,0.0,1.850371707708594e-15,0.0,0.0,0.0,0.22252598980801408,0.2267987761984103,0.0022586310006870282,1,1,1.497513762936094,False,14.859695804846526,15.145021155180453,0.15082539183203586,0.0,True,,amp1p5_edge50_ideal,ideal,50.0,1.5,0.2267987761984103,high,,Clarity_example_acf20e4a,raw_vector_3r3c_lin,vector_3r3c,raw,False
0,results/sparam_vector_fit_campaign_v1_2026-06-17_fast_overnight_v2/channels/Clarity_example_acf20e4a/vf_ngspice_smoke/raw_vector_3r3c_lin/amp1p5_edge500_ideal.raw,results/sparam_vector_fit_campaign_v1_2026-06-17_fast_overnight_v2/channels/Clarity_example_acf20e4a/vf_ngspice_smoke/raw_vector_3r3c_lin/amp1p5_edge500_ideal.log,1240,12.0,-2.775557561562891e-17,1.5,True,-0.01241564451224572,1.509910178145123,True,0.0,1.5,0.75,0.0,1.497507642279809,0.7487538211399045,1.2500000000000002,1.6194902286016821,9.250000000000002,9.619604674362376,369.4902286016819,369.60467436237474,0.0,0.0,2.775557561562891e-17,0.0,1,1,1.5,False,0.0,1.850371707708594e-15,0.0,0.0,0.0,0.012402535865313924,0.01241564451224572,0.004153595438554461,1,1,1.497507642279809,False,0.8282118578328105,0.8290872221088712,0.27736722813855014,0.0,True,,amp1p5_edge500_ideal,ideal,500.0,1.5,0.01241564451224572,high,,Clarity_example_acf20e4a,raw_vector_3r3c_lin,vector_3r3c,raw,False
0,results/sparam_vector_fit_campaign_v1_2026-06-17_fast_overnight_v2/channels/Clarity_example_acf20e4a/vf_ngspice_smoke/raw_vector_3r3c_lin/amp1p5_edge5_r50.raw,results/sparam_vector_fit_campaign_v1_2026-06-17_fast_overnight_v2/channels/Clarity_example_acf20e4a/vf_ngspice_smoke/raw_vector_3r3c_lin/amp1p5_edge5_r50.log,1243,12.0,-0.1120333957591606,0.8611988257423852,True,-0.1605100184311936,0.9142953007260003,True,0.0,0.7669970190034173,0.38349850950170866,0.0,0.7477399320156938,0.3738699660078469,1.0022135761712254,1.3570898128185902,9.002111428074164,9.35683813902901,354.87623664736475,354.72671095484696,0.0,0.09420180673896783,0.1120333957591606,0.0004368994117264504,1,1,0.7669970190034173,False,12.281899982006074,14.606757651382926,0.056962335041944125,0.0,0.0,0.16655536871030652,0.1605100184311936,0.0005117362547311622,1,1,0.7477399320156938,False,22.27450502226365,21.4660220163051,0.06843773253511647,0.0,True,,amp1p5_edge5_r50,50.0,5.0,1.5,0.16655536871030652,high,,Clarity_example_acf20e4a,raw_vector_3r3c_lin,vector_3r3c,raw,False
0,results/sparam_vector_fit_campaign_v1_2026-06-17_fast_overnight_v2/channels/Clarity_example_acf20e4a/vf_ngspice_smoke/raw_vector_3r3c_lin/amp1p5_edge50_r50.raw,results/sparam_vector_fit_campaign_v1_2026-06-17_fast_overnight_v2/channels/Clarity_example_acf20e4a/vf_ngspice_smoke/raw_vector_3r3c_lin/amp1p5_edge50_r50.log,1241,12.0,-0.05506402392152643,0.8034227106754632,True,-0.1270168027548445,0.8710547419420539,True,0.0,0.7653022939876839,0.38265114699384195,0.0,0.7477399039510225,0.37386995197551126,1.0229739568523433,1.3799534092358203,9.021971093567632,9.379743473384167,356.97945238347705,357.77237981653417,0.0,0.038120416687779324,0.05506402392152643,0.0004370772730030517,1,1,0.7653022939876839,False,4.9810926985660915,7.195068452573144,0.05711171604172477,0.0,0.0,0.12331483799103138,0.1270168027548445,0.0005231915263759159,1,1,0.7477399039510225,False,16.49167542609958,16.986762654192145,0.06996972123747797,0.0,True,,amp1p5_edge50_r50,50.0,50.0,1.5,0.1270168027548445,high,,Clarity_example_acf20e4a,raw_vector_3r3c_lin,vector_3r3c,raw,False
0,results/sparam_vector_fit_campaign_v1_2026-06-17_fast_overnight_v2/channels/Clarity_example_acf20e4a/vf_ngspice_smoke/raw_vector_3r3c_lin/amp1p5_edge500_r50.raw,results/sparam_vector_fit_campaign_v1_2026-06-17_fast_overnight_v2/channels/Clarity_example_acf20e4a/vf_ngspice_smoke/raw_vector_3r3c_lin/amp1p5_edge500_r50.log,1232,12.0,-0.03444514315482522,0.7834125607909275,True,-0.006762482792845723,0.7543929027195492,True,0.0,0.7573179753148997,0.3786589876574499,0.0,0.7477386782714306,0.3738693391357153,1.2413792608510628,1.606113940844418,9.236160395280233,9.60615806445346,364.7346799933555,369.9976691732271,0.0,0.02609458547602772,0.03444514315482522,0.0005027429537489436,1,1,0.7573179753148997,False,3.4456577457015136,4.548306560464594,0.06638465877426168,0.0,0.0,0.006654224448118584,0.006762482792845723,0.0006697022706771535,1,1,0.7477386782714306,False,0.8899130995204567,0.9043911983366639,0.08956367914861967,0.0,True,,amp1p5_edge500_r50,50.0,500.0,1.5,0.03444514315482522,high,,Clarity_example_acf20e4a,raw_vector_3r3c_lin,vector_3r3c,raw,False
0,results/sparam_vector_fit_campaign_v1_2026-06-17_fast_overnight_v2/channels/Clarity_example_acf20e4a/vf_ngspice_smoke/raw_vector_3r3c_lin/amp0p05_edge5_ideal.raw,results/sparam_vector_fit_campaign_v1_2026-06-17_fast_overnight_v2/channels/Clarity_example_acf20e4a/vf_ngspice_smoke/raw_vector_3r3c_lin/amp0p05_edge5_ideal.log,1236,12.0,-8.673617379884035e-19,0.05000000000000001,True,-0.009628991609609514,0.05947693728079374,True,0.0,0.05,0.025,0.0,0.049917151498780635,0.024958575749390317,1.0024999999999997,1.3605055653986347,9.002500000000001,9.360125963154701,358.00556539863476,357.6259631547009,0.0,6.938893903907228e-18,8.673617379884035e-19,0.0,1,1,0.05,False,1.3877787807814457e-14,1.734723475976807e-15,0.0,0.0,0.0,0.009559785782013108,0.009628991609609514,7.24697848144507e-05,1,1,0.049917151498780635,False,19.15130470184508,19.289946081648367,0.14518012875037747,0.0,True,,amp0p05_edge5_ideal,ideal,5.0,0.05,0.009628991609609514,high,,Clarity_example_acf20e4a,raw_vector_3r3c_lin,vector_3r3c,raw,False
0,results/sparam_vector_fit_campaign_v1_2026-06-17_fast_overnight_v2/channels/Clarity_example_acf20e4a/vf_ngspice_smoke/raw_vector_3r3c_lin/amp0p05_edge5_r50.raw,results/sparam_vector_fit_campaign_v1_2026-06-17_fast_overnight_v2/channels/Clarity_example_acf20e4a/vf_ngspice_smoke/raw_vector_3r3c_lin/amp0p05_edge5_r50.log,1232,12.0,-0.003734446528715601,0.02870340658201792,True,-0.00540529278142315,0.03047652882689682,True,0.0,0.025555263445173587,0.012777631722586794,0.0,0.024924665243590306,0.012462332621795153,1.002213297458175,1.3570257367689709,9.002112412168803,9.356880987835478,354.81243931079604,354.7685756666753,0.0,0.0031481431368443336,0.003734446528715601,1.458843480222623e-05,1,1,0.025555263445173587,False,12.318961780998182,14.613218669130546,0.057085832175138185,0.0,0.0,0.005551863583306515,0.00540529278142315,1.693787722860285e-05,1,1,0.024924665243590306,False,22.274576324487434,21.686521077000982,0.0679562877297164,0.0,True,,amp0p05_edge5_r50,50.0,5.0,0.05,0.005551863583306515,high,,Clarity_example_acf20e4a,raw_vector_3r3c_lin,vector_3r3c,raw,False
0,results/sparam_vector_fit_campaign_v1_2026-06-17_fast_overnight_v2/channels/Clarity_example_acf20e4a/vf_ngspice_smoke/raw_vector_3r3c_lin/amp0p1_edge5_ideal.raw,results/sparam_vector_fit_campaign_v1_2026-06-17_fast_overnight_v2/channels/Clarity_example_acf20e4a/vf_ngspice_smoke/raw_vector_3r3c_lin/amp0p1_edge5_ideal.log,1239,12.0,-1.734723475976807e-18,0.1,True,-0.01913442835988251,0.1189538363406568,True,0.0,0.1,0.05,0.0,0.09983430043851534,0.04991715021925767,1.0025000000000002,1.3605383700775462,9.002500000000001,9.360125973709527,358.038370077546,357.6259737095272,0.0,0.0,1.734723475976807e-18,0.0,1,1,0.1,False,0.0,1.734723475976807e-15,0.0,0.0,0.0,0.019119535902141466,0.01913442835988251,0.0001452509698337958,1,1,0.09983430043851534,False,19.151269471674777,19.166186647110106,0.14549204952184855,0.0,True,,amp0p1_edge5_ideal,ideal,5.0,0.1,0.01913442835988251,high,,Clarity_example_acf20e4a,raw_vector_3r3c_lin,vector_3r3c,raw,False
0,results/sparam_vector_fit_campaign_v1_2026-06-17_fast_overnight_v2/channels/Clarity_example_acf20e4a/vf_ngspice_smoke/raw_vector_3r3c_lin/amp0p1_edge5_r50.raw,results/sparam_vector_fit_campaign_v1_2026-06-17_fast_overnight_v2/channels/Clarity_example_acf20e4a/vf_ngspice_smoke/raw_vector_3r3c_lin/amp0p1_edge5_r50.log,1233,12.0,-0.007468893052425189,0.05741207590695609,True,-0.010809472781418,0.06095303820643511,True,0.0,0.05111054810316397,0.025555274051581985,0.0,0.04984933048377228,0.02492466524188614,1.002213259971295,1.3570483756602743,9.002112411245863,9.356837965423923,354.8351156889793,354.72555417806103,0.0,0.006301527803792117,0.007468893052425189,2.913832348777868e-05,1,1,0.05111054810316397,False,12.32921194872106,14.613212594295838,0.05701039133637248,0.0,0.0,0.01110370772266283,0.010809472781418,3.414335813073137e-05,1,1,0.04984933048377228,False,22.274537320571394,21.684288788867214,0.06849311274470625,0.0,True,,amp0p1_edge5_r50,50.0,5.0,0.1,0.01110370772266283,high,,Clarity_example_acf20e4a,raw_vector_3r3c_lin,vector_3r3c,raw,False
0,results/sparam_vector_fit_campaign_v1_2026-06-17_fast_overnight_v2/channels/Clarity_example_acf20e4a/vf_ngspice_smoke/raw_vector_3r3c_lin/amp0p5_edge5_ideal.raw,results/sparam_vector_fit_campaign_v1_2026-06-17_fast_overnight_v2/channels/Clarity_example_acf20e4a/vf_ngspice_smoke/raw_vector_3r3c_lin/amp0p5_edge5_ideal.log,1247,12.0,-2.775557561562891e-17,0.5000000000000001,True,-0.09506306355184209,0.5947690288272922,True,0.0,0.5,0.25,0.0,0.4991714620750867,0.24958573103754336,1.0025000000000004,1.3605466841764011,9.002500000000001,9.36012598572774,358.04668417640073,357.62598572773857,0.0,1.1102230246251565e-16,2.775557561562891e-17,0.0,1,1,0.5,False,2.220446049250313e-14,5.551115123125782e-15,0.0,0.0,0.0,0.09559756675220549,0.09506306355184209,0.0007239226641842111,1,1,0.4991714620750867,False,19.151248421694714,19.044170345127313,0.1450248500134242,0.0,True,,amp0p5_edge5_ideal,ideal,5.0,0.5,0.09559756675220549,high,,Clarity_example_acf20e4a,raw_vector_3r3c_lin,vector_3r3c,raw,False
0,results/sparam_vector_fit_campaign_v1_2026-06-17_fast_overnight_v2/channels/Clarity_example_acf20e4a/vf_ngspice_smoke/raw_vector_3r3c_lin/amp0p5_edge5_r50.raw,results/sparam_vector_fit_campaign_v1_2026-06-17_fast_overnight_v2/channels/Clarity_example_acf20e4a/vf_ngspice_smoke/raw_vector_3r3c_lin/amp0p5_edge5_r50.log,1239,12.0,-0.03734446525334918,0.2870675225199215,True,-0.05399597235869841,0.3047651132140534,True,0.0,0.2557291857807844,0.1278645928903922,0.0,0.2492466520283485,0.12462332601417425,1.0022143046677234,1.3570616030737574,9.002110875142224,9.35683814726215,354.847298406034,354.72727211992674,0.0,0.03133833673913711,0.03734446525334918,0.0001453843713858073,1,1,0.2557291857807844,False,12.254501434185492,14.603129924075823,0.05685091083441425,0.0,0.0,0.055518461185704915,0.05399597235869841,0.0001699995869302785,1,1,0.2492466520283485,False,22.274506290816866,21.66367007110574,0.06820536426340575,0.0,True,,amp0p5_edge5_r50,50.0,5.0,0.5,0.055518461185704915,high,,Clarity_example_acf20e4a,raw_vector_3r3c_lin,vector_3r3c,raw,False
0,results/sparam_vector_fit_campaign_v1_2026-06-17_fast_overnight_v2/channels/ntwk2_e1c16499/vf_ngspice_smoke/raw_vector_5r5c_lin/amp1p5_edge5_ideal.raw,results/sparam_vector_fit_campaign_v1_2026-06-17_fast_overnight_v2/channels/ntwk2_e1c16499/vf_ngspice_smoke/raw_vector_5r5c_lin/amp1p5_edge5_ideal.log,2371,12.0,-1.77635683940025e-15,1.500000000000004,True,-0.6131370636857639,1.979884336194715,True,0.0,1.5,0.75,0.0,1.3636363631899946,0.6818181815949973,1.0025,1.0106247288335395,9.002500000000001,9.01059279613016,8.124728833539416,8.09279613015853,0.0,3.9968028886505635e-15,1.77635683940025e-15,0.0,1,1,1.5,False,2.6645352591003757e-13,1.1842378929335e-13,0.0,0.0,0.0,0.6162479730047203,0.6131370636857639,2.114449983222096e-13,1,1,1.3636363631899946,False,45.191518035139026,44.96338468500755,1.5505966548704386e-11,0.0,True,,amp1p5_edge5_ideal,ideal,5.0,1.5,0.6162479730047203,high,,ntwk2_e1c16499,raw_vector_5r5c_lin,vector_5r5c,raw,False
0,results/sparam_vector_fit_campaign_v1_2026-06-17_fast_overnight_v2/channels/ntwk2_e1c16499/vf_ngspice_smoke/raw_vector_5r5c_lin/amp1p5_edge50_ideal.raw,results/sparam_vector_fit_campaign_v1_2026-06-17_fast_overnight_v2/channels/ntwk2_e1c16499/vf_ngspice_smoke/raw_vector_5r5c_lin/amp1p5_edge50_ideal.log,2231,12.0,-2.220446049250313e-16,1.500000000000001,True,-0.0799276973073149,1.448159839786782,True,0.0,1.5,0.75,0.0,1.363636363146558,0.681818181573279,1.0249999999999997,1.028800075059735,9.025,9.028852029339852,3.800075059735417,3.852029339851853,0.0,1.1102230246251565e-15,2.220446049250313e-16,0.0,1,1,1.5,False,7.401486830834377e-14,1.4802973661668755e-14,0.0,0.0,0.0,0.08452347664022408,0.0799276973073149,6.446472989519697e-14,1,1,1.363636363146558,False,6.19838828917617,5.861364471308441,4.727413527345821e-12,0.0,True,,amp1p5_edge50_ideal,ideal,50.0,1.5,0.08452347664022408,high,,ntwk2_e1c16499,raw_vector_5r5c_lin,vector_5r5c,raw,False
0,results/sparam_vector_fit_campaign_v1_2026-06-17_fast_overnight_v2/channels/ntwk2_e1c16499/vf_ngspice_smoke/raw_vector_5r5c_lin/amp1p5_edge500_ideal.raw,results/sparam_vector_fit_campaign_v1_2026-06-17_fast_overnight_v2/channels/ntwk2_e1c16499/vf_ngspice_smoke/raw_vector_5r5c_lin/amp1p5_edge500_ideal.log,1750,12.0,-3.469446951953614e-18,1.5,True,-0.006567086087621431,1.369814246775648,True,0.0,1.5,0.75,0.0,1.363636363123017,0.6818181815615085,1.2499999999999998,1.2554551709339887,9.250000000000002,9.255456847044433,5.455170933988955,5.456847044432313,0.0,0.0,3.469446951953614e-18,0.0,1,1,1.5,False,0.0,2.312964634635743e-16,0.0,0.0,0.0,0.006177883652630944,0.006567086087621431,3.7784141223796726e-13,1,1,1.363636363123017,False,0.4530448013634865,0.48158631327353346,2.7708370241215195e-11,0.0,True,,amp1p5_edge500_ideal,ideal,500.0,1.5,0.006567086087621431,high,,ntwk2_e1c16499,raw_vector_5r5c_lin,vector_5r5c,raw,False
0,results/sparam_vector_fit_campaign_v1_2026-06-17_fast_overnight_v2/channels/ntwk2_e1c16499/vf_ngspice_smoke/raw_vector_5r5c_lin/amp1p5_edge5_r50.raw,results/sparam_vector_fit_campaign_v1_2026-06-17_fast_overnight_v2/channels/ntwk2_e1c16499/vf_ngspice_smoke/raw_vector_5r5c_lin/amp1p5_edge5_r50.log,2139,12.0,-0.02112776508443031,0.8166154739372292,True,-0.01138166457595798,0.7344240508547716,True,0.0,0.7857142857762711,0.39285714288813556,0.0,0.714285714091182,0.357142857045591,1.002084835832433,1.0116988415543988,9.002105388535837,9.011653033844967,9.614005721965809,9.547645309130203,0.0,0.030901188160958104,0.02112776508443031,6.000055139575956e-14,3,3,0.7857142857762711,True,3.932878492902583,2.6889882832608127,7.63643381340332e-12,0.0,0.0,0.02013833676358956,0.01138166457595798,3.289235305743865e-13,1,1,0.714285714091182,False,2.819367147670379,1.5934330410680813,4.6049294292955415e-11,0.0,True,,amp1p5_edge5_r50,50.0,5.0,1.5,0.030901188160958104,low,tx_threshold_ambiguous,ntwk2_e1c16499,raw_vector_5r5c_lin,vector_5r5c,raw,False
0,results/sparam_vector_fit_campaign_v1_2026-06-17_fast_overnight_v2/channels/ntwk2_e1c16499/vf_ngspice_smoke/raw_vector_5r5c_lin/amp1p5_edge50_r50.raw,results/sparam_vector_fit_campaign_v1_2026-06-17_fast_overnight_v2/channels/ntwk2_e1c16499/vf_ngspice_smoke/raw_vector_5r5c_lin/amp1p5_edge50_r50.log,2089,12.0,-0.004872379926837199,0.7943907136652228,True,-0.002668897733772844,0.7207224416301835,True,0.0,0.7857142857762159,0.39285714288810797,0.0,0.7142857140892773,0.35714285704463866,1.0290121453050805,1.0344310830261572,9.029025102855371,9.034433372412707,5.4189377210766745,5.408269557334949,0.0,0.00867642788900691,0.004872379926837199,4.6614155185622246e-14,1,1,0.7857142857762159,False,1.1042726403320222,0.6201210815485835,5.932710659520668e-12,0.0,0.0,0.006436727540906184,0.002668897733772844,2.8344816954784415e-13,1,1,0.7142857140892773,False,0.9011418559746904,0.3736456828309551,3.96827437476114e-11,0.0,True,,amp1p5_edge50_r50,50.0,50.0,1.5,0.00867642788900691,high,,ntwk2_e1c16499,raw_vector_5r5c_lin,vector_5r5c,raw,False
0,results/sparam_vector_fit_campaign_v1_2026-06-17_fast_overnight_v2/channels/ntwk2_e1c16499/vf_ngspice_smoke/raw_vector_5r5c_lin/amp1p5_edge500_r50.raw,results/sparam_vector_fit_campaign_v1_2026-06-17_fast_overnight_v2/channels/ntwk2_e1c16499/vf_ngspice_smoke/raw_vector_5r5c_lin/amp1p5_edge500_r50.log,1663,12.0,-0.0005919106411243222,0.7870434129145145,True,-0.0003853145938043199,0.7156062703141504,True,0.0,0.7857142857758097,0.39285714288790485,0.0,0.7142857140731975,0.35714285703659876,1.2539502164625145,1.2594047618707607,9.253950216462515,9.25940476186954,5.454545408246201,5.454545407024248,0.0,0.001329127138704811,0.0005919106411243222,3.675995789385705e-14,1,1,0.7857142857758097,False,0.16916163582191185,0.0753340815917421,4.678540095215461e-12,0.0,0.0,0.0013205562409528415,0.0003853145938043199,4.347186045917524e-13,1,1,0.7142857140731975,False,0.1848778737884033,0.053944043148654405,6.08606046609528e-11,0.0,True,,amp1p5_edge500_r50,50.0,500.0,1.5,0.001329127138704811,high,,ntwk2_e1c16499,raw_vector_5r5c_lin,vector_5r5c,raw,False
0,results/sparam_vector_fit_campaign_v1_2026-06-17_fast_overnight_v2/channels/ntwk2_e1c16499/vf_ngspice_smoke/raw_vector_5r5c_lin/amp0p05_edge5_ideal.raw,results/sparam_vector_fit_campaign_v1_2026-06-17_fast_overnight_v2/channels/ntwk2_e1c16499/vf_ngspice_smoke/raw_vector_5r5c_lin/amp0p05_edge5_ideal.log,2035,12.0,-5.551115123125783e-17,0.05000000000000004,True,-0.0204390011878339,0.06588191590606897,True,0.0,0.05,0.025,0.0,0.045454545490842185,0.022727272745421093,1.0024999999999995,1.0106026874754308,9.002500000000001,9.010592562280737,8.10268747543132,8.092562280735006,0.0,3.469446951953614e-17,5.551115123125783e-17,0.0,1,1,0.05,False,6.938893903907228e-14,1.1102230246251565e-13,0.0,0.0,0.0,0.020427370415226784,0.0204390011878339,1.9657519081375628e-14,1,1,0.045454545490842185,False,44.9402148776129,44.96580257732813,4.324654194449281e-11,0.0,True,,amp0p05_edge5_ideal,ideal,5.0,0.05,0.0204390011878339,high,,ntwk2_e1c16499,raw_vector_5r5c_lin,vector_5r5c,raw,False
0,results/sparam_vector_fit_campaign_v1_2026-06-17_fast_overnight_v2/channels/ntwk2_e1c16499/vf_ngspice_smoke/raw_vector_5r5c_lin/amp0p05_edge5_r50.raw,results/sparam_vector_fit_campaign_v1_2026-06-17_fast_overnight_v2/channels/ntwk2_e1c16499/vf_ngspice_smoke/raw_vector_5r5c_lin/amp0p05_edge5_r50.log,1827,12.0,-0.0008767592140126436,0.02721176644669455,True,-0.0005427972169167602,0.02447848266253925,True,0.0,0.02619047619254354,0.01309523809627177,0.0,0.02380952380310222,0.01190476190155111,1.0021119665423524,1.0116883721569754,9.002126285560038,9.01169448997791,9.576405614623003,9.568204417871815,0.0,0.0010212902541510104,0.0008767592140126436,2.1708666296482177e-15,3,3,0.02619047619254354,True,3.89947187917787,3.347626089602212,8.288763494366192e-12,0.0,0.0,0.0006689588594370292,0.0005427972169167602,1.4102530958146136e-14,1,1,0.02380952380310222,False,2.809627210393298,2.2797483116652564,5.923063004018867e-11,0.0,True,,amp0p05_edge5_r50,50.0,5.0,0.05,0.0010212902541510104,low,tx_threshold_ambiguous,ntwk2_e1c16499,raw_vector_5r5c_lin,vector_5r5c,raw,False
0,results/sparam_vector_fit_campaign_v1_2026-06-17_fast_overnight_v2/channels/ntwk2_e1c16499/vf_ngspice_smoke/raw_vector_5r5c_lin/amp0p1_edge5_ideal.raw,results/sparam_vector_fit_campaign_v1_2026-06-17_fast_overnight_v2/channels/ntwk2_e1c16499/vf_ngspice_smoke/raw_vector_5r5c_lin/amp0p1_edge5_ideal.log,2139,12.0,-5.551115123125783e-17,0.1000000000000005,True,-0.04092205342233345,0.1317264651509087,True,0.0,0.1,0.05,0.0,0.09090909093418696,0.04545454546709348,1.0025,1.0106198611474617,9.002500000000001,9.010593491399463,8.119861147461808,8.093491399463199,0.0,4.996003610813204e-16,5.551115123125783e-17,0.0,1,1,0.1,False,4.996003610813204e-13,5.551115123125783e-14,0.0,0.0,0.0,0.04081737421672173,0.04092205342233345,3.526613965435766e-14,1,1,0.09090909093418696,False,44.89911162599921,45.01425875214032,3.879275360908443e-11,0.0,True,,amp0p1_edge5_ideal,ideal,5.0,0.1,0.04092205342233345,high,,ntwk2_e1c16499,raw_vector_5r5c_lin,vector_5r5c,raw,False
0,results/sparam_vector_fit_campaign_v1_2026-06-17_fast_overnight_v2/channels/ntwk2_e1c16499/vf_ngspice_smoke/raw_vector_5r5c_lin/amp0p1_edge5_r50.raw,results/sparam_vector_fit_campaign_v1_2026-06-17_fast_overnight_v2/channels/ntwk2_e1c16499/vf_ngspice_smoke/raw_vector_5r5c_lin/amp0p1_edge5_r50.log,1953,12.0,-0.001613175964827257,0.05444537954946428,True,-0.0009393554724140228,0.04895532563550233,True,0.0,0.052380952385087304,0.026190476192543652,0.0,0.04761904760615597,0.023809523803077985,1.0020916002201212,1.0117022665171262,9.002109421481451,9.011681186357883,9.610666297004824,9.571764876432765,0.0,0.002064427164376978,0.001613175964827257,4.44059938656235e-15,3,3,0.052380952385087304,True,3.941179131681298,3.0796995689725626,8.47750791913164e-12,0.0,0.0,0.001336278029346362,0.0009393554724140228,3.5848059272903145e-14,1,1,0.04761904760615597,False,2.806183862387063,1.972646492603492,7.528092449347701e-11,0.0,True,,amp0p1_edge5_r50,50.0,5.0,0.1,0.002064427164376978,low,tx_threshold_ambiguous,ntwk2_e1c16499,raw_vector_5r5c_lin,vector_5r5c,raw,False
0,results/sparam_vector_fit_campaign_v1_2026-06-17_fast_overnight_v2/channels/ntwk2_e1c16499/vf_ngspice_smoke/raw_vector_5r5c_lin/amp0p5_edge5_ideal.raw,results/sparam_vector_fit_campaign_v1_2026-06-17_fast_overnight_v2/channels/ntwk2_e1c16499/vf_ngspice_smoke/raw_vector_5r5c_lin/amp0p5_edge5_ideal.log,2287,12.0,-4.440892098500626e-16,0.5000000000000004,True,-0.2043816669253191,0.6597490727206957,True,0.0,0.5,0.25,0.0,0.4545454544133278,0.2272727272066639,1.0024999999999997,1.0106199729080307,9.002500000000001,9.010592887936046,8.119972908031032,8.092887936044548,0.0,4.440892098500626e-16,4.440892098500626e-16,0.0,1,1,0.5,False,8.881784197001252e-14,8.881784197001252e-14,0.0,0.0,0.0,0.20520361830736794,0.2043816669253191,4.267954147066466e-14,1,1,0.4545454544133278,False,45.144796040743586,44.96396673664027,9.389499126275553e-12,0.0,True,,amp0p5_edge5_ideal,ideal,5.0,0.5,0.20520361830736794,high,,ntwk2_e1c16499,raw_vector_5r5c_lin,vector_5r5c,raw,False
0,results/sparam_vector_fit_campaign_v1_2026-06-17_fast_overnight_v2/channels/ntwk2_e1c16499/vf_ngspice_smoke/raw_vector_5r5c_lin/amp0p5_edge5_r50.raw,results/sparam_vector_fit_campaign_v1_2026-06-17_fast_overnight_v2/channels/ntwk2_e1c16499/vf_ngspice_smoke/raw_vector_5r5c_lin/amp0p5_edge5_r50.log,2090,12.0,-0.007246103693494373,0.2719290715870383,True,-0.00395582601856925,0.2446888742269074,True,0.0,0.26190476192542655,0.13095238096271328,0.0,0.2380952380305089,0.11904761901525444,1.0020816429715391,1.0116994547080567,9.002106377107756,9.011654054134558,9.617811736517401,9.547677026801692,0.0,0.010024309661611719,0.007246103693494373,1.8682932058768564e-14,3,3,0.26190476192542655,True,3.8274636886770277,2.7666941372977374,7.133483149148791e-12,0.0,0.0,0.006593636196398522,0.00395582601856925,1.2474863925895176e-13,1,1,0.2380952380305089,False,2.7693272032402563,1.6614469282507704,5.239442850300382e-11,0.0,True,,amp0p5_edge5_r50,50.0,5.0,0.5,0.010024309661611719,low,tx_threshold_ambiguous,ntwk2_e1c16499,raw_vector_5r5c_lin,vector_5r5c,raw,False
0,results/sparam_vector_fit_campaign_v1_2026-06-17_fast_overnight_v2/channels/ntwk3_ad74ab42/vf_ngspice_smoke/raw_vector_5r5c_log/amp1p5_edge5_ideal.raw,results/sparam_vector_fit_campaign_v1_2026-06-17_fast_overnight_v2/channels/ntwk3_ad74ab42/vf_ngspice_smoke/raw_vector_5r5c_log/amp1p5_edge5_ideal.log,2099,12.0,-3.552713678800501e-15,1.500000000000002,True,-1.12628523432189,2.375861612052165,True,0.0,1.5,0.75,0.0,1.2500042527473143,0.6250021263736572,1.0025000000000002,1.0250213987299168,9.002500000000001,9.025019516052934,22.521398729916562,22.51951605293397,0.0,1.9984014443252818e-15,3.552713678800501e-15,0.0,1,1,1.5,False,1.3322676295501878e-13,2.368475785867001e-13,0.0,0.0,0.0,1.1258573593048506,1.12628523432189,1.198143534346884e-11,3,3,1.2500042527473143,True,90.06828231427149,90.1025121991778,9.585115664315153e-10,0.0,True,,amp1p5_edge5_ideal,ideal,5.0,1.5,1.12628523432189,low,rx_threshold_ambiguous,ntwk3_ad74ab42,raw_vector_5r5c_log,vector_5r5c,raw,False
0,results/sparam_vector_fit_campaign_v1_2026-06-17_fast_overnight_v2/channels/ntwk3_ad74ab42/vf_ngspice_smoke/raw_vector_5r5c_log/amp1p5_edge50_ideal.raw,results/sparam_vector_fit_campaign_v1_2026-06-17_fast_overnight_v2/channels/ntwk3_ad74ab42/vf_ngspice_smoke/raw_vector_5r5c_log/amp1p5_edge50_ideal.log,2029,12.0,-2.220446049250313e-16,1.5,True,-0.3057725138390818,1.560671996161123,True,0.0,1.5,0.75,0.0,1.250000296543191,0.6250001482715954,1.0250000000000004,1.0408611748501633,9.025,9.040748392701573,15.861174850163001,15.748392701572849,0.0,0.0,2.220446049250313e-16,0.0,1,1,1.5,False,0.0,1.4802973661668755e-14,0.0,0.0,0.0,0.3106716996179322,0.3057725138390818,6.817753507306377e-12,1,1,1.250000296543191,False,24.853730073271038,24.46179530394348,5.454201511920045e-10,0.0,True,,amp1p5_edge50_ideal,ideal,50.0,1.5,0.3106716996179322,high,,ntwk3_ad74ab42,raw_vector_5r5c_log,vector_5r5c,raw,False
0,results/sparam_vector_fit_campaign_v1_2026-06-17_fast_overnight_v2/channels/ntwk3_ad74ab42/vf_ngspice_smoke/raw_vector_5r5c_log/amp1p5_edge500_ideal.raw,results/sparam_vector_fit_campaign_v1_2026-06-17_fast_overnight_v2/channels/ntwk3_ad74ab42/vf_ngspice_smoke/raw_vector_5r5c_log/amp1p5_edge500_ideal.log,1754,12.0,-1.387778780781446e-17,1.5,True,-0.02607534960292746,1.275279466376528,True,0.0,1.5,0.75,0.0,1.250000000588877,0.6250000002944385,1.25,1.261225390033889,9.25,9.261323780533878,11.225390033888877,11.323780533879122,0.0,0.0,1.387778780781446e-17,0.0,1,1,1.5,False,0.0,9.251858538542974e-16,0.0,0.0,0.0,0.025279465787650945,0.02607534960292746,1.383419490051482e-12,1,1,1.250000000588877,False,2.02235726205934,2.0860279672514657,1.1067355915198006e-10,0.0,True,,amp1p5_edge500_ideal,ideal,500.0,1.5,0.02607534960292746,high,,ntwk3_ad74ab42,raw_vector_5r5c_log,vector_5r5c,raw,False
0,results/sparam_vector_fit_campaign_v1_2026-06-17_fast_overnight_v2/channels/ntwk3_ad74ab42/vf_ngspice_smoke/raw_vector_5r5c_log/amp1p5_edge5_r50.raw,results/sparam_vector_fit_campaign_v1_2026-06-17_fast_overnight_v2/channels/ntwk3_ad74ab42/vf_ngspice_smoke/raw_vector_5r5c_log/amp1p5_edge5_r50.log,1931,12.0,-5.008367854270429e-11,0.8181818182254886,True,-9.507976829641077e-09,0.6818181883854965,True,0.0,0.8181818182060367,0.4090909091030184,0.0,0.6818181817573965,0.34090909087869825,1.0022638858348936,1.033034260456655,9.002248497574705,9.032936349262878,30.77037462176133,30.6878516881724,0.0,1.945188454754998e-11,5.008367854270429e-11,1.0066375522272246e-12,3,3,0.8181818182060367,True,2.3774525557412905e-09,6.121338488371552e-09,1.2303347860190781e-10,0.0,0.0,6.628099957772804e-09,9.507976829641077e-09,1.232751474727927e-12,1,1,0.6818181817573965,False,9.721213272266776e-07,1.3945032684716804e-06,1.808035496428816e-10,0.0,True,,amp1p5_edge5_r50,50.0,5.0,1.5,9.507976829641077e-09,low,tx_threshold_ambiguous,ntwk3_ad74ab42,raw_vector_5r5c_log,vector_5r5c,raw,False
0,results/sparam_vector_fit_campaign_v1_2026-06-17_fast_overnight_v2/channels/ntwk3_ad74ab42/vf_ngspice_smoke/raw_vector_5r5c_log/amp1p5_edge50_r50.raw,results/sparam_vector_fit_campaign_v1_2026-06-17_fast_overnight_v2/channels/ntwk3_ad74ab42/vf_ngspice_smoke/raw_vector_5r5c_log/amp1p5_edge50_r50.log,1870,12.0,-4.855583501348866e-11,0.8181818182243313,True,-8.742810358627289e-10,0.681818181788953,True,0.0,0.8181818182061236,0.4090909091030618,0.0,0.6818181817573763,0.34090909087868815,1.0470514070200783,1.0592527915980892,9.04704106605414,9.059235254770165,12.201384578011005,12.194188716025012,0.0,1.820776862615503e-11,4.855583501348866e-11,1.095593762165936e-12,1,1,0.8181818182061236,False,2.225393943130617e-09,5.9346020570278725e-09,1.3390590426074764e-10,0.0,0.0,3.157674122178378e-11,8.742810358627289e-10,1.379021537629352e-12,1,1,0.6818181817573763,False,4.631255379607976e-09,1.2822788527130244e-07,2.0225649220367583e-10,0.0,True,,amp1p5_edge50_r50,50.0,50.0,1.5,8.742810358627289e-10,high,,ntwk3_ad74ab42,raw_vector_5r5c_log,vector_5r5c,raw,False
0,results/sparam_vector_fit_campaign_v1_2026-06-17_fast_overnight_v2/channels/ntwk3_ad74ab42/vf_ngspice_smoke/raw_vector_5r5c_log/amp1p5_edge500_r50.raw,results/sparam_vector_fit_campaign_v1_2026-06-17_fast_overnight_v2/channels/ntwk3_ad74ab42/vf_ngspice_smoke/raw_vector_5r5c_log/amp1p5_edge500_r50.log,1613,12.0,-1.772655062047078e-11,0.8181818181888627,True,-1.149903930479203e-11,0.68181818174755,True,0.0,0.818181818186125,0.4090909090930625,0.0,0.6818181817438467,0.34090909087192334,1.2784548436168581,1.2896009080771622,9.278454751946123,9.289600762586335,11.146064460304205,11.146010640212273,0.0,2.7376989564231735e-12,1.772655062047078e-11,4.023308150010324e-13,1,1,0.818181818186125,False,3.3460765022773763e-10,2.1665784091572464e-09,4.917376627764512e-11,0.0,0.0,3.703370943242135e-12,1.149903930479203e-11,7.563261180157195e-13,1,1,0.6818181817438467,False,5.431610717347312e-10,1.6865257648867042e-09,1.1092783065439944e-10,0.0,True,,amp1p5_edge500_r50,50.0,500.0,1.5,1.772655062047078e-11,high,,ntwk3_ad74ab42,raw_vector_5r5c_log,vector_5r5c,raw,False
0,results/sparam_vector_fit_campaign_v1_2026-06-17_fast_overnight_v2/channels/ntwk3_ad74ab42/vf_ngspice_smoke/raw_vector_5r5c_log/amp0p05_edge5_ideal.raw,results/sparam_vector_fit_campaign_v1_2026-06-17_fast_overnight_v2/channels/ntwk3_ad74ab42/vf_ngspice_smoke/raw_vector_5r5c_log/amp0p05_edge5_ideal.log,1929,12.0,-5.551115123125783e-17,0.05000000000000007,True,-0.03758485660455724,0.07921687997118378,True,0.0,0.05,0.025,0.0,0.04166730134095965,0.020833650670479827,1.0025000000000004,1.024987838260222,9.002500000000001,9.024977551359695,22.487838260221505,22.477551359694008,0.0,6.938893903907228e-17,5.551115123125783e-17,0.0,1,1,0.05,False,1.3877787807814457e-13,1.1102230246251565e-13,0.0,0.0,0.0,0.03754957863022412,0.03758485660455724,4.096804717994387e-13,3,3,0.04166730134095965,True,90.11761602451624,90.20228187327,9.832181557597443e-10,0.0,True,,amp0p05_edge5_ideal,ideal,5.0,0.05,0.03758485660455724,low,rx_threshold_ambiguous,ntwk3_ad74ab42,raw_vector_5r5c_log,vector_5r5c,raw,False
0,results/sparam_vector_fit_campaign_v1_2026-06-17_fast_overnight_v2/channels/ntwk3_ad74ab42/vf_ngspice_smoke/raw_vector_5r5c_log/amp0p05_edge5_r50.raw,results/sparam_vector_fit_campaign_v1_2026-06-17_fast_overnight_v2/channels/ntwk3_ad74ab42/vf_ngspice_smoke/raw_vector_5r5c_log/amp0p05_edge5_r50.log,1733,12.0,-1.66063247456091e-12,0.02727272727417546,True,-1.583021429223205e-12,0.02272727272635122,True,0.0,0.027272727273534185,0.013636363636767092,0.0,0.022727272725252996,0.011363636362626498,1.0023169739949058,1.0330477141994987,9.00232068702864,9.032964777616519,30.730740204592934,30.644090587878534,0.0,6.412752273643463e-13,1.66063247456091e-12,3.603645785542463e-14,3,3,0.027272727273534185,True,2.3513425002663677e-09,6.088985739876517e-09,1.3213367879931425e-10,0.0,0.0,1.098222207618349e-12,1.583021429223205e-12,3.413404357245635e-14,1,1,0.022727272725252996,False,4.832177713950162e-09,6.965294289201094e-09,1.50189791732155e-10,0.0,True,,amp0p05_edge5_r50,50.0,5.0,0.05,1.66063247456091e-12,low,tx_threshold_ambiguous,ntwk3_ad74ab42,raw_vector_5r5c_log,vector_5r5c,raw,False
0,results/sparam_vector_fit_campaign_v1_2026-06-17_fast_overnight_v2/channels/ntwk3_ad74ab42/vf_ngspice_smoke/raw_vector_5r5c_log/amp0p1_edge5_ideal.raw,results/sparam_vector_fit_campaign_v1_2026-06-17_fast_overnight_v2/channels/ntwk3_ad74ab42/vf_ngspice_smoke/raw_vector_5r5c_log/amp0p1_edge5_ideal.log,1991,12.0,-1.110223024625157e-16,0.1000000000000005,True,-0.07512860727404497,0.1584454774417937,True,0.0,0.1,0.05,0.0,0.08333411845421337,0.04166705922710669,1.0024999999999997,1.0250292013038018,9.002500000000001,9.024992688714843,22.529201303801955,22.4926887148411,0.0,4.996003610813204e-16,1.110223024625157e-16,0.0,1,1,0.1,False,4.996003610813204e-13,1.1102230246251569e-13,0.0,0.0,0.0,0.07511135898758031,0.07512860727404497,8.620714146920393e-13,3,3,0.08333411845421337,True,90.13278160355061,90.15347935230538,1.0344759513664154e-09,0.0,True,,amp0p1_edge5_ideal,ideal,5.0,0.1,0.07512860727404497,low,rx_threshold_ambiguous,ntwk3_ad74ab42,raw_vector_5r5c_log,vector_5r5c,raw,False
0,results/sparam_vector_fit_campaign_v1_2026-06-17_fast_overnight_v2/channels/ntwk3_ad74ab42/vf_ngspice_smoke/raw_vector_5r5c_log/amp0p1_edge5_r50.raw,results/sparam_vector_fit_campaign_v1_2026-06-17_fast_overnight_v2/channels/ntwk3_ad74ab42/vf_ngspice_smoke/raw_vector_5r5c_log/amp0p1_edge5_r50.log,1803,12.0,-3.338597276527922e-12,0.05454545454834894,True,-3.1572565307739e-10,0.04545454575504876,True,0.0,0.05454545454706983,0.027272727273534914,0.0,0.04545454545050959,0.022727272725254793,1.0022628835338643,1.033052743755253,9.00227662465149,9.032964245886845,30.78986022138874,30.687621235354303,0.0,1.2791157022462585e-12,3.338597276527922e-12,6.8631391131096e-14,3,3,0.05454545454706983,True,2.3450454540486956e-09,6.120761673453266e-09,1.258242170699499e-10,0.0,0.0,3.0453917165829125e-10,3.1572565307739e-10,9.17550494191366e-14,1,1,0.04545454545050959,False,6.699861777077282e-07,6.945964368319305e-07,2.0186110874002357e-10,0.0,True,,amp0p1_edge5_r50,50.0,5.0,0.1,3.1572565307739e-10,low,tx_threshold_ambiguous,ntwk3_ad74ab42,raw_vector_5r5c_log,vector_5r5c,raw,False
0,results/sparam_vector_fit_campaign_v1_2026-06-17_fast_overnight_v2/channels/ntwk3_ad74ab42/vf_ngspice_smoke/raw_vector_5r5c_log/amp0p5_edge5_ideal.raw,results/sparam_vector_fit_campaign_v1_2026-06-17_fast_overnight_v2/channels/ntwk3_ad74ab42/vf_ngspice_smoke/raw_vector_5r5c_log/amp0p5_edge5_ideal.log,2066,12.0,-8.881784197001252e-16,0.5000000000000004,True,-0.3754858318512631,0.7925438985825226,True,0.0,0.5,0.25,0.0,0.4166697305815483,0.20833486529077416,1.0025000000000002,1.0250359316179547,9.002500000000001,9.025019460251437,22.5359316179546,22.519460251435728,0.0,4.440892098500626e-16,8.881784197001252e-16,0.0,1,1,0.5,False,8.881784197001252e-14,1.7763568394002505e-13,0.0,0.0,0.0,0.3758741680009743,0.3754858318512631,4.313153907472282e-12,3,3,0.4166697305815483,True,90.20913697675245,90.11593698615818,1.035149325930729e-09,0.0,True,,amp0p5_edge5_ideal,ideal,5.0,0.5,0.3758741680009743,low,rx_threshold_ambiguous,ntwk3_ad74ab42,raw_vector_5r5c_log,vector_5r5c,raw,False
0,results/sparam_vector_fit_campaign_v1_2026-06-17_fast_overnight_v2/channels/ntwk3_ad74ab42/vf_ngspice_smoke/raw_vector_5r5c_log/amp0p5_edge5_r50.raw,results/sparam_vector_fit_campaign_v1_2026-06-17_fast_overnight_v2/channels/ntwk3_ad74ab42/vf_ngspice_smoke/raw_vector_5r5c_log/amp0p5_edge5_r50.log,1897,12.0,-1.676664307291288e-11,0.2727272727418304,True,-2.942387788958575e-09,0.2272727295439393,True,0.0,0.27272727273540315,0.13636363636770157,0.0,0.22727272725251052,0.11363636362625526,1.0022554758022724,1.033040691905917,9.00224248873226,9.032941918792465,30.785216103644576,30.699430060203913,0.0,6.427247623008725e-12,1.676664307291288e-11,3.6716882075132115e-13,3,3,0.27272727273540315,True,2.3566574616996103e-09,6.147769126551448e-09,1.3462856760480428e-10,0.0,0.0,2.291428768952386e-09,2.942387788958575e-09,4.104191233494362e-13,1,1,0.22727272725251052,False,1.0082286584287356e-06,1.2946506272569369e-06,1.805844142898156e-10,0.0,True,,amp0p5_edge5_r50,50.0,5.0,0.5,2.942387788958575e-09,low,tx_threshold_ambiguous,ntwk3_ad74ab42,raw_vector_5r5c_log,vector_5r5c,raw,False
0,results/sparam_vector_fit_campaign_v1_2026-06-17_fast_overnight_v2/channels/ntwk2_24638a5f/vf_ngspice_smoke/raw_vector_5r5c_lin/amp1p5_edge5_ideal.raw,results/sparam_vector_fit_campaign_v1_2026-06-17_fast_overnight_v2/channels/ntwk2_24638a5f/vf_ngspice_smoke/raw_vector_5r5c_lin/amp1p5_edge5_ideal.log,2371,12.0,-1.77635683940025e-15,1.500000000000004,True,-0.6131370636857639,1.979884336194715,True,0.0,1.5,0.75,0.0,1.3636363631899946,0.6818181815949973,1.0025,1.0106247288335395,9.002500000000001,9.01059279613016,8.124728833539416,8.09279613015853,0.0,3.9968028886505635e-15,1.77635683940025e-15,0.0,1,1,1.5,False,2.6645352591003757e-13,1.1842378929335e-13,0.0,0.0,0.0,0.6162479730047203,0.6131370636857639,2.114449983222096e-13,1,1,1.3636363631899946,False,45.191518035139026,44.96338468500755,1.5505966548704386e-11,0.0,True,,amp1p5_edge5_ideal,ideal,5.0,1.5,0.6162479730047203,high,,ntwk2_24638a5f,raw_vector_5r5c_lin,vector_5r5c,raw,False
0,results/sparam_vector_fit_campaign_v1_2026-06-17_fast_overnight_v2/channels/ntwk2_24638a5f/vf_ngspice_smoke/raw_vector_5r5c_lin/amp1p5_edge50_ideal.raw,results/sparam_vector_fit_campaign_v1_2026-06-17_fast_overnight_v2/channels/ntwk2_24638a5f/vf_ngspice_smoke/raw_vector_5r5c_lin/amp1p5_edge50_ideal.log,2231,12.0,-2.220446049250313e-16,1.500000000000001,True,-0.0799276973073149,1.448159839786782,True,0.0,1.5,0.75,0.0,1.363636363146558,0.681818181573279,1.0249999999999997,1.028800075059735,9.025,9.028852029339852,3.800075059735417,3.852029339851853,0.0,1.1102230246251565e-15,2.220446049250313e-16,0.0,1,1,1.5,False,7.401486830834377e-14,1.4802973661668755e-14,0.0,0.0,0.0,0.08452347664022408,0.0799276973073149,6.446472989519697e-14,1,1,1.363636363146558,False,6.19838828917617,5.861364471308441,4.727413527345821e-12,0.0,True,,amp1p5_edge50_ideal,ideal,50.0,1.5,0.08452347664022408,high,,ntwk2_24638a5f,raw_vector_5r5c_lin,vector_5r5c,raw,False
0,results/sparam_vector_fit_campaign_v1_2026-06-17_fast_overnight_v2/channels/ntwk2_24638a5f/vf_ngspice_smoke/raw_vector_5r5c_lin/amp1p5_edge500_ideal.raw,results/sparam_vector_fit_campaign_v1_2026-06-17_fast_overnight_v2/channels/ntwk2_24638a5f/vf_ngspice_smoke/raw_vector_5r5c_lin/amp1p5_edge500_ideal.log,1750,12.0,-3.469446951953614e-18,1.5,True,-0.006567086087621431,1.369814246775648,True,0.0,1.5,0.75,0.0,1.363636363123017,0.6818181815615085,1.2499999999999998,1.2554551709339887,9.250000000000002,9.255456847044433,5.455170933988955,5.456847044432313,0.0,0.0,3.469446951953614e-18,0.0,1,1,1.5,False,0.0,2.312964634635743e-16,0.0,0.0,0.0,0.006177883652630944,0.006567086087621431,3.7784141223796726e-13,1,1,1.363636363123017,False,0.4530448013634865,0.48158631327353346,2.7708370241215195e-11,0.0,True,,amp1p5_edge500_ideal,ideal,500.0,1.5,0.006567086087621431,high,,ntwk2_24638a5f,raw_vector_5r5c_lin,vector_5r5c,raw,False
0,results/sparam_vector_fit_campaign_v1_2026-06-17_fast_overnight_v2/channels/ntwk2_24638a5f/vf_ngspice_smoke/raw_vector_5r5c_lin/amp1p5_edge5_r50.raw,results/sparam_vector_fit_campaign_v1_2026-06-17_fast_overnight_v2/channels/ntwk2_24638a5f/vf_ngspice_smoke/raw_vector_5r5c_lin/amp1p5_edge5_r50.log,2139,12.0,-0.02112776508443031,0.8166154739372292,True,-0.01138166457595798,0.7344240508547716,True,0.0,0.7857142857762711,0.39285714288813556,0.0,0.714285714091182,0.357142857045591,1.002084835832433,1.0116988415543988,9.002105388535837,9.011653033844967,9.614005721965809,9.547645309130203,0.0,0.030901188160958104,0.02112776508443031,6.000055139575956e-14,3,3,0.7857142857762711,True,3.932878492902583,2.6889882832608127,7.63643381340332e-12,0.0,0.0,0.02013833676358956,0.01138166457595798,3.289235305743865e-13,1,1,0.714285714091182,False,2.819367147670379,1.5934330410680813,4.6049294292955415e-11,0.0,True,,amp1p5_edge5_r50,50.0,5.0,1.5,0.030901188160958104,low,tx_threshold_ambiguous,ntwk2_24638a5f,raw_vector_5r5c_lin,vector_5r5c,raw,False
0,results/sparam_vector_fit_campaign_v1_2026-06-17_fast_overnight_v2/channels/ntwk2_24638a5f/vf_ngspice_smoke/raw_vector_5r5c_lin/amp1p5_edge50_r50.raw,results/sparam_vector_fit_campaign_v1_2026-06-17_fast_overnight_v2/channels/ntwk2_24638a5f/vf_ngspice_smoke/raw_vector_5r5c_lin/amp1p5_edge50_r50.log,2089,12.0,-0.004872379926837199,0.7943907136652228,True,-0.002668897733772844,0.7207224416301835,True,0.0,0.7857142857762159,0.39285714288810797,0.0,0.7142857140892773,0.35714285704463866,1.0290121453050805,1.0344310830261572,9.029025102855371,9.034433372412707,5.4189377210766745,5.408269557334949,0.0,0.00867642788900691,0.004872379926837199,4.6614155185622246e-14,1,1,0.7857142857762159,False,1.1042726403320222,0.6201210815485835,5.932710659520668e-12,0.0,0.0,0.006436727540906184,0.002668897733772844,2.8344816954784415e-13,1,1,0.7142857140892773,False,0.9011418559746904,0.3736456828309551,3.96827437476114e-11,0.0,True,,amp1p5_edge50_r50,50.0,50.0,1.5,0.00867642788900691,high,,ntwk2_24638a5f,raw_vector_5r5c_lin,vector_5r5c,raw,False
0,results/sparam_vector_fit_campaign_v1_2026-06-17_fast_overnight_v2/channels/ntwk2_24638a5f/vf_ngspice_smoke/raw_vector_5r5c_lin/amp1p5_edge500_r50.raw,results/sparam_vector_fit_campaign_v1_2026-06-17_fast_overnight_v2/channels/ntwk2_24638a5f/vf_ngspice_smoke/raw_vector_5r5c_lin/amp1p5_edge500_r50.log,1663,12.0,-0.0005919106411243222,0.7870434129145145,True,-0.0003853145938043199,0.7156062703141504,True,0.0,0.7857142857758097,0.39285714288790485,0.0,0.7142857140731975,0.35714285703659876,1.2539502164625145,1.2594047618707607,9.253950216462515,9.25940476186954,5.454545408246201,5.454545407024248,0.0,0.001329127138704811,0.0005919106411243222,3.675995789385705e-14,1,1,0.7857142857758097,False,0.16916163582191185,0.0753340815917421,4.678540095215461e-12,0.0,0.0,0.0013205562409528415,0.0003853145938043199,4.347186045917524e-13,1,1,0.7142857140731975,False,0.1848778737884033,0.053944043148654405,6.08606046609528e-11,0.0,True,,amp1p5_edge500_r50,50.0,500.0,1.5,0.001329127138704811,high,,ntwk2_24638a5f,raw_vector_5r5c_lin,vector_5r5c,raw,False
0,results/sparam_vector_fit_campaign_v1_2026-06-17_fast_overnight_v2/channels/ntwk2_24638a5f/vf_ngspice_smoke/raw_vector_5r5c_lin/amp0p05_edge5_ideal.raw,results/sparam_vector_fit_campaign_v1_2026-06-17_fast_overnight_v2/channels/ntwk2_24638a5f/vf_ngspice_smoke/raw_vector_5r5c_lin/amp0p05_edge5_ideal.log,2035,12.0,-5.551115123125783e-17,0.05000000000000004,True,-0.0204390011878339,0.06588191590606897,True,0.0,0.05,0.025,0.0,0.045454545490842185,0.022727272745421093,1.0024999999999995,1.0106026874754308,9.002500000000001,9.010592562280737,8.10268747543132,8.092562280735006,0.0,3.469446951953614e-17,5.551115123125783e-17,0.0,1,1,0.05,False,6.938893903907228e-14,1.1102230246251565e-13,0.0,0.0,0.0,0.020427370415226784,0.0204390011878339,1.9657519081375628e-14,1,1,0.045454545490842185,False,44.9402148776129,44.96580257732813,4.324654194449281e-11,0.0,True,,amp0p05_edge5_ideal,ideal,5.0,0.05,0.0204390011878339,high,,ntwk2_24638a5f,raw_vector_5r5c_lin,vector_5r5c,raw,False
0,results/sparam_vector_fit_campaign_v1_2026-06-17_fast_overnight_v2/channels/ntwk2_24638a5f/vf_ngspice_smoke/raw_vector_5r5c_lin/amp0p05_edge5_r50.raw,results/sparam_vector_fit_campaign_v1_2026-06-17_fast_overnight_v2/channels/ntwk2_24638a5f/vf_ngspice_smoke/raw_vector_5r5c_lin/amp0p05_edge5_r50.log,1827,12.0,-0.0008767592140126436,0.02721176644669455,True,-0.0005427972169167602,0.02447848266253925,True,0.0,0.02619047619254354,0.01309523809627177,0.0,0.02380952380310222,0.01190476190155111,1.0021119665423524,1.0116883721569754,9.002126285560038,9.01169448997791,9.576405614623003,9.568204417871815,0.0,0.0010212902541510104,0.0008767592140126436,2.1708666296482177e-15,3,3,0.02619047619254354,True,3.89947187917787,3.347626089602212,8.288763494366192e-12,0.0,0.0,0.0006689588594370292,0.0005427972169167602,1.4102530958146136e-14,1,1,0.02380952380310222,False,2.809627210393298,2.2797483116652564,5.923063004018867e-11,0.0,True,,amp0p05_edge5_r50,50.0,5.0,0.05,0.0010212902541510104,low,tx_threshold_ambiguous,ntwk2_24638a5f,raw_vector_5r5c_lin,vector_5r5c,raw,False
0,results/sparam_vector_fit_campaign_v1_2026-06-17_fast_overnight_v2/channels/ntwk2_24638a5f/vf_ngspice_smoke/raw_vector_5r5c_lin/amp0p1_edge5_ideal.raw,results/sparam_vector_fit_campaign_v1_2026-06-17_fast_overnight_v2/channels/ntwk2_24638a5f/vf_ngspice_smoke/raw_vector_5r5c_lin/amp0p1_edge5_ideal.log,2139,12.0,-5.551115123125783e-17,0.1000000000000005,True,-0.04092205342233345,0.1317264651509087,True,0.0,0.1,0.05,0.0,0.09090909093418696,0.04545454546709348,1.0025,1.0106198611474617,9.002500000000001,9.010593491399463,8.119861147461808,8.093491399463199,0.0,4.996003610813204e-16,5.551115123125783e-17,0.0,1,1,0.1,False,4.996003610813204e-13,5.551115123125783e-14,0.0,0.0,0.0,0.04081737421672173,0.04092205342233345,3.526613965435766e-14,1,1,0.09090909093418696,False,44.89911162599921,45.01425875214032,3.879275360908443e-11,0.0,True,,amp0p1_edge5_ideal,ideal,5.0,0.1,0.04092205342233345,high,,ntwk2_24638a5f,raw_vector_5r5c_lin,vector_5r5c,raw,False
0,results/sparam_vector_fit_campaign_v1_2026-06-17_fast_overnight_v2/channels/ntwk2_24638a5f/vf_ngspice_smoke/raw_vector_5r5c_lin/amp0p1_edge5_r50.raw,results/sparam_vector_fit_campaign_v1_2026-06-17_fast_overnight_v2/channels/ntwk2_24638a5f/vf_ngspice_smoke/raw_vector_5r5c_lin/amp0p1_edge5_r50.log,1953,12.0,-0.001613175964827257,0.05444537954946428,True,-0.0009393554724140228,0.04895532563550233,True,0.0,0.052380952385087304,0.026190476192543652,0.0,0.04761904760615597,0.023809523803077985,1.0020916002201212,1.0117022665171262,9.002109421481451,9.011681186357883,9.610666297004824,9.571764876432765,0.0,0.002064427164376978,0.001613175964827257,4.44059938656235e-15,3,3,0.052380952385087304,True,3.941179131681298,3.0796995689725626,8.47750791913164e-12,0.0,0.0,0.001336278029346362,0.0009393554724140228,3.5848059272903145e-14,1,1,0.04761904760615597,False,2.806183862387063,1.972646492603492,7.528092449347701e-11,0.0,True,,amp0p1_edge5_r50,50.0,5.0,0.1,0.002064427164376978,low,tx_threshold_ambiguous,ntwk2_24638a5f,raw_vector_5r5c_lin,vector_5r5c,raw,False
0,results/sparam_vector_fit_campaign_v1_2026-06-17_fast_overnight_v2/channels/ntwk2_24638a5f/vf_ngspice_smoke/raw_vector_5r5c_lin/amp0p5_edge5_ideal.raw,results/sparam_vector_fit_campaign_v1_2026-06-17_fast_overnight_v2/channels/ntwk2_24638a5f/vf_ngspice_smoke/raw_vector_5r5c_lin/amp0p5_edge5_ideal.log,2287,12.0,-4.440892098500626e-16,0.5000000000000004,True,-0.2043816669253191,0.6597490727206957,True,0.0,0.5,0.25,0.0,0.4545454544133278,0.2272727272066639,1.0024999999999997,1.0106199729080307,9.002500000000001,9.010592887936046,8.119972908031032,8.092887936044548,0.0,4.440892098500626e-16,4.440892098500626e-16,0.0,1,1,0.5,False,8.881784197001252e-14,8.881784197001252e-14,0.0,0.0,0.0,0.20520361830736794,0.2043816669253191,4.267954147066466e-14,1,1,0.4545454544133278,False,45.144796040743586,44.96396673664027,9.389499126275553e-12,0.0,True,,amp0p5_edge5_ideal,ideal,5.0,0.5,0.20520361830736794,high,,ntwk2_24638a5f,raw_vector_5r5c_lin,vector_5r5c,raw,False
0,results/sparam_vector_fit_campaign_v1_2026-06-17_fast_overnight_v2/channels/ntwk2_24638a5f/vf_ngspice_smoke/raw_vector_5r5c_lin/amp0p5_edge5_r50.raw,results/sparam_vector_fit_campaign_v1_2026-06-17_fast_overnight_v2/channels/ntwk2_24638a5f/vf_ngspice_smoke/raw_vector_5r5c_lin/amp0p5_edge5_r50.log,2090,12.0,-0.007246103693494373,0.2719290715870383,True,-0.00395582601856925,0.2446888742269074,True,0.0,0.26190476192542655,0.13095238096271328,0.0,0.2380952380305089,0.11904761901525444,1.0020816429715391,1.0116994547080567,9.002106377107756,9.011654054134558,9.617811736517401,9.547677026801692,0.0,0.010024309661611719,0.007246103693494373,1.8682932058768564e-14,3,3,0.26190476192542655,True,3.8274636886770277,2.7666941372977374,7.133483149148791e-12,0.0,0.0,0.006593636196398522,0.00395582601856925,1.2474863925895176e-13,1,1,0.2380952380305089,False,2.7693272032402563,1.6614469282507704,5.239442850300382e-11,0.0,True,,amp0p5_edge5_r50,50.0,5.0,0.5,0.010024309661611719,low,tx_threshold_ambiguous,ntwk2_24638a5f,raw_vector_5r5c_lin,vector_5r5c,raw,False
0,results/sparam_vector_fit_campaign_v1_2026-06-17_fast_overnight_v2/channels/ntwk3_8f8a2430/vf_ngspice_smoke/raw_vector_5r5c_log/amp1p5_edge5_ideal.raw,results/sparam_vector_fit_campaign_v1_2026-06-17_fast_overnight_v2/channels/ntwk3_8f8a2430/vf_ngspice_smoke/raw_vector_5r5c_log/amp1p5_edge5_ideal.log,2099,12.0,-3.552713678800501e-15,1.500000000000002,True,-1.12628523432189,2.375861612052165,True,0.0,1.5,0.75,0.0,1.2500042527473143,0.6250021263736572,1.0025000000000002,1.0250213987299168,9.002500000000001,9.025019516052934,22.521398729916562,22.51951605293397,0.0,1.9984014443252818e-15,3.552713678800501e-15,0.0,1,1,1.5,False,1.3322676295501878e-13,2.368475785867001e-13,0.0,0.0,0.0,1.1258573593048506,1.12628523432189,1.198143534346884e-11,3,3,1.2500042527473143,True,90.06828231427149,90.1025121991778,9.585115664315153e-10,0.0,True,,amp1p5_edge5_ideal,ideal,5.0,1.5,1.12628523432189,low,rx_threshold_ambiguous,ntwk3_8f8a2430,raw_vector_5r5c_log,vector_5r5c,raw,False
0,results/sparam_vector_fit_campaign_v1_2026-06-17_fast_overnight_v2/channels/ntwk3_8f8a2430/vf_ngspice_smoke/raw_vector_5r5c_log/amp1p5_edge50_ideal.raw,results/sparam_vector_fit_campaign_v1_2026-06-17_fast_overnight_v2/channels/ntwk3_8f8a2430/vf_ngspice_smoke/raw_vector_5r5c_log/amp1p5_edge50_ideal.log,2029,12.0,-2.220446049250313e-16,1.5,True,-0.3057725138390818,1.560671996161123,True,0.0,1.5,0.75,0.0,1.250000296543191,0.6250001482715954,1.0250000000000004,1.0408611748501633,9.025,9.040748392701573,15.861174850163001,15.748392701572849,0.0,0.0,2.220446049250313e-16,0.0,1,1,1.5,False,0.0,1.4802973661668755e-14,0.0,0.0,0.0,0.3106716996179322,0.3057725138390818,6.817753507306377e-12,1,1,1.250000296543191,False,24.853730073271038,24.46179530394348,5.454201511920045e-10,0.0,True,,amp1p5_edge50_ideal,ideal,50.0,1.5,0.3106716996179322,high,,ntwk3_8f8a2430,raw_vector_5r5c_log,vector_5r5c,raw,False
0,results/sparam_vector_fit_campaign_v1_2026-06-17_fast_overnight_v2/channels/ntwk3_8f8a2430/vf_ngspice_smoke/raw_vector_5r5c_log/amp1p5_edge500_ideal.raw,results/sparam_vector_fit_campaign_v1_2026-06-17_fast_overnight_v2/channels/ntwk3_8f8a2430/vf_ngspice_smoke/raw_vector_5r5c_log/amp1p5_edge500_ideal.log,1754,12.0,-1.387778780781446e-17,1.5,True,-0.02607534960292746,1.275279466376528,True,0.0,1.5,0.75,0.0,1.250000000588877,0.6250000002944385,1.25,1.261225390033889,9.25,9.261323780533878,11.225390033888877,11.323780533879122,0.0,0.0,1.387778780781446e-17,0.0,1,1,1.5,False,0.0,9.251858538542974e-16,0.0,0.0,0.0,0.025279465787650945,0.02607534960292746,1.383419490051482e-12,1,1,1.250000000588877,False,2.02235726205934,2.0860279672514657,1.1067355915198006e-10,0.0,True,,amp1p5_edge500_ideal,ideal,500.0,1.5,0.02607534960292746,high,,ntwk3_8f8a2430,raw_vector_5r5c_log,vector_5r5c,raw,False
0,results/sparam_vector_fit_campaign_v1_2026-06-17_fast_overnight_v2/channels/ntwk3_8f8a2430/vf_ngspice_smoke/raw_vector_5r5c_log/amp1p5_edge5_r50.raw,results/sparam_vector_fit_campaign_v1_2026-06-17_fast_overnight_v2/channels/ntwk3_8f8a2430/vf_ngspice_smoke/raw_vector_5r5c_log/amp1p5_edge5_r50.log,1931,12.0,-5.008367854270429e-11,0.8181818182254886,True,-9.507976829641077e-09,0.6818181883854965,True,0.0,0.8181818182060367,0.4090909091030184,0.0,0.6818181817573965,0.34090909087869825,1.0022638858348936,1.033034260456655,9.002248497574705,9.032936349262878,30.77037462176133,30.6878516881724,0.0,1.945188454754998e-11,5.008367854270429e-11,1.0066375522272246e-12,3,3,0.8181818182060367,True,2.3774525557412905e-09,6.121338488371552e-09,1.2303347860190781e-10,0.0,0.0,6.628099957772804e-09,9.507976829641077e-09,1.232751474727927e-12,1,1,0.6818181817573965,False,9.721213272266776e-07,1.3945032684716804e-06,1.808035496428816e-10,0.0,True,,amp1p5_edge5_r50,50.0,5.0,1.5,9.507976829641077e-09,low,tx_threshold_ambiguous,ntwk3_8f8a2430,raw_vector_5r5c_log,vector_5r5c,raw,False
0,results/sparam_vector_fit_campaign_v1_2026-06-17_fast_overnight_v2/channels/ntwk3_8f8a2430/vf_ngspice_smoke/raw_vector_5r5c_log/amp1p5_edge50_r50.raw,results/sparam_vector_fit_campaign_v1_2026-06-17_fast_overnight_v2/channels/ntwk3_8f8a2430/vf_ngspice_smoke/raw_vector_5r5c_log/amp1p5_edge50_r50.log,1870,12.0,-4.855583501348866e-11,0.8181818182243313,True,-8.742810358627289e-10,0.681818181788953,True,0.0,0.8181818182061236,0.4090909091030618,0.0,0.6818181817573763,0.34090909087868815,1.0470514070200783,1.0592527915980892,9.04704106605414,9.059235254770165,12.201384578011005,12.194188716025012,0.0,1.820776862615503e-11,4.855583501348866e-11,1.095593762165936e-12,1,1,0.8181818182061236,False,2.225393943130617e-09,5.9346020570278725e-09,1.3390590426074764e-10,0.0,0.0,3.157674122178378e-11,8.742810358627289e-10,1.379021537629352e-12,1,1,0.6818181817573763,False,4.631255379607976e-09,1.2822788527130244e-07,2.0225649220367583e-10,0.0,True,,amp1p5_edge50_r50,50.0,50.0,1.5,8.742810358627289e-10,high,,ntwk3_8f8a2430,raw_vector_5r5c_log,vector_5r5c,raw,False
0,results/sparam_vector_fit_campaign_v1_2026-06-17_fast_overnight_v2/channels/ntwk3_8f8a2430/vf_ngspice_smoke/raw_vector_5r5c_log/amp1p5_edge500_r50.raw,results/sparam_vector_fit_campaign_v1_2026-06-17_fast_overnight_v2/channels/ntwk3_8f8a2430/vf_ngspice_smoke/raw_vector_5r5c_log/amp1p5_edge500_r50.log,1613,12.0,-1.772655062047078e-11,0.8181818181888627,True,-1.149903930479203e-11,0.68181818174755,True,0.0,0.818181818186125,0.4090909090930625,0.0,0.6818181817438467,0.34090909087192334,1.2784548436168581,1.2896009080771622,9.278454751946123,9.289600762586335,11.146064460304205,11.146010640212273,0.0,2.7376989564231735e-12,1.772655062047078e-11,4.023308150010324e-13,1,1,0.818181818186125,False,3.3460765022773763e-10,2.1665784091572464e-09,4.917376627764512e-11,0.0,0.0,3.703370943242135e-12,1.149903930479203e-11,7.563261180157195e-13,1,1,0.6818181817438467,False,5.431610717347312e-10,1.6865257648867042e-09,1.1092783065439944e-10,0.0,True,,amp1p5_edge500_r50,50.0,500.0,1.5,1.772655062047078e-11,high,,ntwk3_8f8a2430,raw_vector_5r5c_log,vector_5r5c,raw,False
0,results/sparam_vector_fit_campaign_v1_2026-06-17_fast_overnight_v2/channels/ntwk3_8f8a2430/vf_ngspice_smoke/raw_vector_5r5c_log/amp0p05_edge5_ideal.raw,results/sparam_vector_fit_campaign_v1_2026-06-17_fast_overnight_v2/channels/ntwk3_8f8a2430/vf_ngspice_smoke/raw_vector_5r5c_log/amp0p05_edge5_ideal.log,1929,12.0,-5.551115123125783e-17,0.05000000000000007,True,-0.03758485660455724,0.07921687997118378,True,0.0,0.05,0.025,0.0,0.04166730134095965,0.020833650670479827,1.0025000000000004,1.024987838260222,9.002500000000001,9.024977551359695,22.487838260221505,22.477551359694008,0.0,6.938893903907228e-17,5.551115123125783e-17,0.0,1,1,0.05,False,1.3877787807814457e-13,1.1102230246251565e-13,0.0,0.0,0.0,0.03754957863022412,0.03758485660455724,4.096804717994387e-13,3,3,0.04166730134095965,True,90.11761602451624,90.20228187327,9.832181557597443e-10,0.0,True,,amp0p05_edge5_ideal,ideal,5.0,0.05,0.03758485660455724,low,rx_threshold_ambiguous,ntwk3_8f8a2430,raw_vector_5r5c_log,vector_5r5c,raw,False
0,results/sparam_vector_fit_campaign_v1_2026-06-17_fast_overnight_v2/channels/ntwk3_8f8a2430/vf_ngspice_smoke/raw_vector_5r5c_log/amp0p05_edge5_r50.raw,results/sparam_vector_fit_campaign_v1_2026-06-17_fast_overnight_v2/channels/ntwk3_8f8a2430/vf_ngspice_smoke/raw_vector_5r5c_log/amp0p05_edge5_r50.log,1733,12.0,-1.66063247456091e-12,0.02727272727417546,True,-1.583021429223205e-12,0.02272727272635122,True,0.0,0.027272727273534185,0.013636363636767092,0.0,0.022727272725252996,0.011363636362626498,1.0023169739949058,1.0330477141994987,9.00232068702864,9.032964777616519,30.730740204592934,30.644090587878534,0.0,6.412752273643463e-13,1.66063247456091e-12,3.603645785542463e-14,3,3,0.027272727273534185,True,2.3513425002663677e-09,6.088985739876517e-09,1.3213367879931425e-10,0.0,0.0,1.098222207618349e-12,1.583021429223205e-12,3.413404357245635e-14,1,1,0.022727272725252996,False,4.832177713950162e-09,6.965294289201094e-09,1.50189791732155e-10,0.0,True,,amp0p05_edge5_r50,50.0,5.0,0.05,1.66063247456091e-12,low,tx_threshold_ambiguous,ntwk3_8f8a2430,raw_vector_5r5c_log,vector_5r5c,raw,False
0,results/sparam_vector_fit_campaign_v1_2026-06-17_fast_overnight_v2/channels/ntwk3_8f8a2430/vf_ngspice_smoke/raw_vector_5r5c_log/amp0p1_edge5_ideal.raw,results/sparam_vector_fit_campaign_v1_2026-06-17_fast_overnight_v2/channels/ntwk3_8f8a2430/vf_ngspice_smoke/raw_vector_5r5c_log/amp0p1_edge5_ideal.log,1991,12.0,-1.110223024625157e-16,0.1000000000000005,True,-0.07512860727404497,0.1584454774417937,True,0.0,0.1,0.05,0.0,0.08333411845421337,0.04166705922710669,1.0024999999999997,1.0250292013038018,9.002500000000001,9.024992688714843,22.529201303801955,22.4926887148411,0.0,4.996003610813204e-16,1.110223024625157e-16,0.0,1,1,0.1,False,4.996003610813204e-13,1.1102230246251569e-13,0.0,0.0,0.0,0.07511135898758031,0.07512860727404497,8.620714146920393e-13,3,3,0.08333411845421337,True,90.13278160355061,90.15347935230538,1.0344759513664154e-09,0.0,True,,amp0p1_edge5_ideal,ideal,5.0,0.1,0.07512860727404497,low,rx_threshold_ambiguous,ntwk3_8f8a2430,raw_vector_5r5c_log,vector_5r5c,raw,False
0,results/sparam_vector_fit_campaign_v1_2026-06-17_fast_overnight_v2/channels/ntwk3_8f8a2430/vf_ngspice_smoke/raw_vector_5r5c_log/amp0p1_edge5_r50.raw,results/sparam_vector_fit_campaign_v1_2026-06-17_fast_overnight_v2/channels/ntwk3_8f8a2430/vf_ngspice_smoke/raw_vector_5r5c_log/amp0p1_edge5_r50.log,1803,12.0,-3.338597276527922e-12,0.05454545454834894,True,-3.1572565307739e-10,0.04545454575504876,True,0.0,0.05454545454706983,0.027272727273534914,0.0,0.04545454545050959,0.022727272725254793,1.0022628835338643,1.033052743755253,9.00227662465149,9.032964245886845,30.78986022138874,30.687621235354303,0.0,1.2791157022462585e-12,3.338597276527922e-12,6.8631391131096e-14,3,3,0.05454545454706983,True,2.3450454540486956e-09,6.120761673453266e-09,1.258242170699499e-10,0.0,0.0,3.0453917165829125e-10,3.1572565307739e-10,9.17550494191366e-14,1,1,0.04545454545050959,False,6.699861777077282e-07,6.945964368319305e-07,2.0186110874002357e-10,0.0,True,,amp0p1_edge5_r50,50.0,5.0,0.1,3.1572565307739e-10,low,tx_threshold_ambiguous,ntwk3_8f8a2430,raw_vector_5r5c_log,vector_5r5c,raw,False
0,results/sparam_vector_fit_campaign_v1_2026-06-17_fast_overnight_v2/channels/ntwk3_8f8a2430/vf_ngspice_smoke/raw_vector_5r5c_log/amp0p5_edge5_ideal.raw,results/sparam_vector_fit_campaign_v1_2026-06-17_fast_overnight_v2/channels/ntwk3_8f8a2430/vf_ngspice_smoke/raw_vector_5r5c_log/amp0p5_edge5_ideal.log,2066,12.0,-8.881784197001252e-16,0.5000000000000004,True,-0.3754858318512631,0.7925438985825226,True,0.0,0.5,0.25,0.0,0.4166697305815483,0.20833486529077416,1.0025000000000002,1.0250359316179547,9.002500000000001,9.025019460251437,22.5359316179546,22.519460251435728,0.0,4.440892098500626e-16,8.881784197001252e-16,0.0,1,1,0.5,False,8.881784197001252e-14,1.7763568394002505e-13,0.0,0.0,0.0,0.3758741680009743,0.3754858318512631,4.313153907472282e-12,3,3,0.4166697305815483,True,90.20913697675245,90.11593698615818,1.035149325930729e-09,0.0,True,,amp0p5_edge5_ideal,ideal,5.0,0.5,0.3758741680009743,low,rx_threshold_ambiguous,ntwk3_8f8a2430,raw_vector_5r5c_log,vector_5r5c,raw,False
0,results/sparam_vector_fit_campaign_v1_2026-06-17_fast_overnight_v2/channels/ntwk3_8f8a2430/vf_ngspice_smoke/raw_vector_5r5c_log/amp0p5_edge5_r50.raw,results/sparam_vector_fit_campaign_v1_2026-06-17_fast_overnight_v2/channels/ntwk3_8f8a2430/vf_ngspice_smoke/raw_vector_5r5c_log/amp0p5_edge5_r50.log,1897,12.0,-1.676664307291288e-11,0.2727272727418304,True,-2.942387788958575e-09,0.2272727295439393,True,0.0,0.27272727273540315,0.13636363636770157,0.0,0.22727272725251052,0.11363636362625526,1.0022554758022724,1.033040691905917,9.00224248873226,9.032941918792465,30.785216103644576,30.699430060203913,0.0,6.427247623008725e-12,1.676664307291288e-11,3.6716882075132115e-13,3,3,0.27272727273540315,True,2.3566574616996103e-09,6.147769126551448e-09,1.3462856760480428e-10,0.0,0.0,2.291428768952386e-09,2.942387788958575e-09,4.104191233494362e-13,1,1,0.22727272725251052,False,1.0082286584287356e-06,1.2946506272569369e-06,1.805844142898156e-10,0.0,True,,amp0p5_edge5_r50,50.0,5.0,0.5,2.942387788958575e-09,low,tx_threshold_ambiguous,ntwk3_8f8a2430,raw_vector_5r5c_log,vector_5r5c,raw,False
0,results/sparam_vector_fit_campaign_v1_2026-06-17_fast_overnight_v2/channels/Clarity_example_Fitted_55b55a71/vf_ngspice_smoke/raw_auto_fit_default/amp1p5_edge5_ideal.raw,results/sparam_vector_fit_campaign_v1_2026-06-17_fast_overnight_v2/channels/Clarity_example_Fitted_55b55a71/vf_ngspice_smoke/raw_auto_fit_default/amp1p5_edge5_ideal.log,1248,12.0,-2.775557561562891e-17,1.5,True,-0.2631894384817033,1.773668064897525,True,0.0,1.5,0.75,0.0,1.496951874740095,0.7484759373700475,1.0025000000000002,1.3620078769262434,9.002500000000001,9.361906468863339,359.50787692624317,359.4064688633375,0.0,0.0,2.775557561562891e-17,0.0,1,1,1.5,False,0.0,1.850371707708594e-15,0.0,0.0,0.0,0.27671619015743,0.2631894384817033,0.002585608059104109,1,1,1.496951874740095,False,18.485309703458185,17.58169002777053,0.1727248619500897,0.0,True,,amp1p5_edge5_ideal,ideal,5.0,1.5,0.27671619015743,high,,Clarity_example_Fitted_55b55a71,raw_auto_fit_default,auto_fit_default,raw,False
0,results/sparam_vector_fit_campaign_v1_2026-06-17_fast_overnight_v2/channels/Clarity_example_Fitted_55b55a71/vf_ngspice_smoke/raw_auto_fit_default/amp1p5_edge50_ideal.raw,results/sparam_vector_fit_campaign_v1_2026-06-17_fast_overnight_v2/channels/Clarity_example_Fitted_55b55a71/vf_ngspice_smoke/raw_auto_fit_default/amp1p5_edge50_ideal.log,1248,12.0,-2.775557561562891e-17,1.5,True,-0.1986038032958476,1.693859319922877,True,0.0,1.5,0.75,0.0,1.496951726141397,0.7484758630706985,1.025,1.3848104434785695,9.025,9.38469768051028,359.81044347856965,359.6976805102806,0.0,0.0,2.775557561562891e-17,0.0,1,1,1.5,False,0.0,1.850371707708594e-15,0.0,0.0,0.0,0.19690759378148015,0.1986038032958476,0.0026868532229484344,1,1,1.496951726141397,False,13.153904053341593,13.267214956074554,0.1794883011941992,0.0,True,,amp1p5_edge50_ideal,ideal,50.0,1.5,0.1986038032958476,high,,Clarity_example_Fitted_55b55a71,raw_auto_fit_default,auto_fit_default,raw,False
0,results/sparam_vector_fit_campaign_v1_2026-06-17_fast_overnight_v2/channels/Clarity_example_Fitted_55b55a71/vf_ngspice_smoke/raw_auto_fit_default/amp1p5_edge500_ideal.raw,results/sparam_vector_fit_campaign_v1_2026-06-17_fast_overnight_v2/channels/Clarity_example_Fitted_55b55a71/vf_ngspice_smoke/raw_auto_fit_default/amp1p5_edge500_ideal.log,1238,12.0,-2.775557561562891e-17,1.5,True,-0.009378182172012944,1.506449068874208,True,0.0,1.5,0.75,0.0,1.496936493780219,0.7484682468901095,1.25,1.6202704994789034,9.250000000000002,9.620278995852528,370.27049947890345,370.2789958525269,0.0,0.0,2.775557561562891e-17,0.0,1,1,1.5,False,0.0,1.850371707708594e-15,0.0,0.0,0.0,0.009512575093989062,0.009378182172012944,0.004350777564877541,1,1,1.496936493780219,False,0.6354695161427271,0.6264916521829318,0.2906454337211398,0.0,True,,amp1p5_edge500_ideal,ideal,500.0,1.5,0.009512575093989062,high,,Clarity_example_Fitted_55b55a71,raw_auto_fit_default,auto_fit_default,raw,False
0,results/sparam_vector_fit_campaign_v1_2026-06-17_fast_overnight_v2/channels/Clarity_example_Fitted_55b55a71/vf_ngspice_smoke/raw_auto_fit_default/amp1p5_edge5_r50.raw,results/sparam_vector_fit_campaign_v1_2026-06-17_fast_overnight_v2/channels/Clarity_example_Fitted_55b55a71/vf_ngspice_smoke/raw_auto_fit_default/amp1p5_edge5_r50.log,1238,12.0,-0.07093796910066497,0.8201910722606978,True,-0.1476823544017519,0.9017701863520542,True,0.0,0.7665777946683671,0.38328889733418353,0.0,0.7482103567326486,0.3741051783663243,1.0024248596646945,1.3578193213725989,9.00231638663555,9.357819933019119,355.3944617079044,355.50354638356777,0.0,0.0536132775923307,0.07093796910066497,0.0001623410695192562,1,1,0.7665777946683671,False,6.993846934416435,9.25385128476801,0.021177376992701356,0.0,0.0,0.15355982961940562,0.1476823544017519,0.000945943391724709,1,1,0.7482103567326486,False,20.52361722042773,19.73807941481381,0.1264274656468989,0.0,True,,amp1p5_edge5_r50,50.0,5.0,1.5,0.15355982961940562,high,,Clarity_example_Fitted_55b55a71,raw_auto_fit_default,auto_fit_default,raw,False
0,results/sparam_vector_fit_campaign_v1_2026-06-17_fast_overnight_v2/channels/Clarity_example_Fitted_55b55a71/vf_ngspice_smoke/raw_auto_fit_default/amp1p5_edge50_r50.raw,results/sparam_vector_fit_campaign_v1_2026-06-17_fast_overnight_v2/channels/Clarity_example_Fitted_55b55a71/vf_ngspice_smoke/raw_auto_fit_default/amp1p5_edge50_r50.log,1237,12.0,-0.0577534546793986,0.8077287272979348,True,-0.1107609241947952,0.8581697489206409,True,0.0,0.7637339323743915,0.38186696618719573,0.0,0.7482102623915983,0.37410513119579913,1.0235424719097894,1.3806239929214328,9.022723043844112,9.38065067270948,357.08152101164325,357.9276288653698,0.0,0.0439947949235433,0.0577534546793986,0.0001636350396912716,1,1,0.7637339323743915,False,5.7604871354565566,7.561986214210418,0.02142566052846998,0.0,0.0,0.10995948652904264,0.1107609241947952,0.0009588968172194358,1,1,0.7482102623915983,False,14.696334981769075,14.803448945054052,0.12815873630954935,0.0,True,,amp1p5_edge50_r50,50.0,50.0,1.5,0.1107609241947952,high,,Clarity_example_Fitted_55b55a71,raw_auto_fit_default,auto_fit_default,raw,False
0,results/sparam_vector_fit_campaign_v1_2026-06-17_fast_overnight_v2/channels/Clarity_example_Fitted_55b55a71/vf_ngspice_smoke/raw_auto_fit_default/amp1p5_edge500_r50.raw,results/sparam_vector_fit_campaign_v1_2026-06-17_fast_overnight_v2/channels/Clarity_example_Fitted_55b55a71/vf_ngspice_smoke/raw_auto_fit_default/amp1p5_edge500_r50.log,1228,12.0,-0.03423547933021837,0.7839661403652418,True,-0.005335731156244401,0.7536195143865226,True,0.0,0.7582318275014384,0.3791159137507192,0.0,0.748202654930601,0.3741013274653005,1.2418360853057049,1.6071901464236742,9.236575493957291,9.607206257188992,365.3540611179694,370.6307632317012,0.0,0.025734312863803455,0.03423547933021837,0.0002097952710166012,1,1,0.7582318275014384,False,3.393990060876815,4.51517307615967,0.027669014067627385,0.0,0.0,0.00541685945592163,0.005335731156244401,0.00110943600178212,1,1,0.748202654930601,False,0.7239829236403962,0.7131398319803226,0.1482801476940796,0.0,True,,amp1p5_edge500_r50,50.0,500.0,1.5,0.03423547933021837,high,,Clarity_example_Fitted_55b55a71,raw_auto_fit_default,auto_fit_default,raw,False
0,results/sparam_vector_fit_campaign_v1_2026-06-17_fast_overnight_v2/channels/Clarity_example_Fitted_55b55a71/vf_ngspice_smoke/raw_auto_fit_default/amp0p05_edge5_ideal.raw,results/sparam_vector_fit_campaign_v1_2026-06-17_fast_overnight_v2/channels/Clarity_example_Fitted_55b55a71/vf_ngspice_smoke/raw_auto_fit_default/amp0p05_edge5_ideal.log,1233,12.0,-1.734723475976807e-18,0.05000000000000002,True,-0.008621320176605841,0.05912226884050009,True,0.0,0.05000000000000001,0.025000000000000005,0.0,0.049898412000436584,0.024949206000218292,1.0024999999999997,1.3620269475985194,9.002500000000001,9.361906474736061,359.5269475985197,359.40647473606015,0.0,6.938893903907228e-18,1.734723475976807e-18,0.0,1,1,0.05000000000000001,False,1.3877787807814454e-14,3.4694469519536134e-15,0.0,0.0,0.0,0.009223856840063507,0.008621320176605841,8.449211667692515e-05,1,1,0.049898412000436584,False,18.485271314812188,17.277744583395577,0.16932826775366297,0.0,True,,amp0p05_edge5_ideal,ideal,5.0,0.05,0.009223856840063507,high,,Clarity_example_Fitted_55b55a71,raw_auto_fit_default,auto_fit_default,raw,False
0,results/sparam_vector_fit_campaign_v1_2026-06-17_fast_overnight_v2/channels/Clarity_example_Fitted_55b55a71/vf_ngspice_smoke/raw_auto_fit_default/amp0p05_edge5_r50.raw,results/sparam_vector_fit_campaign_v1_2026-06-17_fast_overnight_v2/channels/Clarity_example_Fitted_55b55a71/vf_ngspice_smoke/raw_auto_fit_default/amp0p05_edge5_r50.log,1229,12.0,-0.002364598972727384,0.02732601168864491,True,-0.004835361722167504,0.0300590062259341,True,0.0,0.02550707153417508,0.01275353576708754,0.0,0.02494034404911807,0.012470172024559035,1.0024197947438582,1.3577762033499945,9.00232068415318,9.35782497341093,355.3564086061362,355.5042892577503,0.0,0.0018189401544698308,0.002364598972727384,5.436443989291204e-06,1,1,0.02550707153417508,False,7.131121077669636,9.270366335701176,0.02131347764484569,0.0,0.0,0.00511866217681603,0.004835361722167504,3.167108181409233e-05,1,1,0.02494034404911807,False,20.52362295698577,19.387710581075524,0.12698734929926625,0.0,True,,amp0p05_edge5_r50,50.0,5.0,0.05,0.00511866217681603,high,,Clarity_example_Fitted_55b55a71,raw_auto_fit_default,auto_fit_default,raw,False
0,results/sparam_vector_fit_campaign_v1_2026-06-17_fast_overnight_v2/channels/Clarity_example_Fitted_55b55a71/vf_ngspice_smoke/raw_auto_fit_default/amp0p1_edge5_ideal.raw,results/sparam_vector_fit_campaign_v1_2026-06-17_fast_overnight_v2/channels/Clarity_example_Fitted_55b55a71/vf_ngspice_smoke/raw_auto_fit_default/amp0p1_edge5_ideal.log,1235,12.0,-3.469446951953614e-18,0.1,True,-0.01756024566773633,0.1182445376656822,True,0.0,0.1,0.05,0.0,0.09979681194902444,0.04989840597451222,1.0025,1.3620202372557224,9.002500000000001,9.361906468475173,359.52023725572246,359.40646847517144,0.0,0.0,3.469446951953614e-18,0.0,1,1,0.1,False,0.0,3.469446951953614e-15,0.0,0.0,0.0,0.01844772571665776,0.01756024566773633,0.0001696550737226265,1,1,0.09979681194902444,False,18.485285608202332,17.595998634411277,0.17000049441387485,0.0,True,,amp0p1_edge5_ideal,ideal,5.0,0.1,0.01844772571665776,high,,Clarity_example_Fitted_55b55a71,raw_auto_fit_default,auto_fit_default,raw,False
0,results/sparam_vector_fit_campaign_v1_2026-06-17_fast_overnight_v2/channels/Clarity_example_Fitted_55b55a71/vf_ngspice_smoke/raw_auto_fit_default/amp0p1_edge5_r50.raw,results/sparam_vector_fit_campaign_v1_2026-06-17_fast_overnight_v2/channels/Clarity_example_Fitted_55b55a71/vf_ngspice_smoke/raw_auto_fit_default/amp0p1_edge5_r50.log,1230,12.0,-0.004729197941495334,0.05464476283164042,True,-0.009656620703820458,0.06011801243108505,True,0.0,0.05101405957755823,0.025507029788779115,0.0,0.04988068828847275,0.024940344144236376,1.002420037488801,1.3577989992533437,9.002320688094578,9.35782002002834,355.3789617645427,355.4993319337617,0.0,0.003630703254082192,0.004729197941495334,1.087636025197142e-05,1,1,0.05101405957755823,False,7.117063970496845,9.270381500036063,0.02132031902976817,0.0,0.0,0.010237324142612296,0.009656620703820458,6.336150167902855e-05,1,1,0.04988068828847275,False,20.523622455663077,19.359437560231235,0.12702611742763614,0.0,True,,amp0p1_edge5_r50,50.0,5.0,0.1,0.010237324142612296,high,,Clarity_example_Fitted_55b55a71,raw_auto_fit_default,auto_fit_default,raw,False
0,results/sparam_vector_fit_campaign_v1_2026-06-17_fast_overnight_v2/channels/Clarity_example_Fitted_55b55a71/vf_ngspice_smoke/raw_auto_fit_default/amp0p5_edge5_ideal.raw,results/sparam_vector_fit_campaign_v1_2026-06-17_fast_overnight_v2/channels/Clarity_example_Fitted_55b55a71/vf_ngspice_smoke/raw_auto_fit_default/amp0p5_edge5_ideal.log,1243,12.0,-1.387778780781446e-17,0.5000000000000002,True,-0.08771171264952184,0.5912226882995362,True,0.0,0.5,0.25,0.0,0.4989839924921209,0.24949199624606044,1.0025,1.3620273969685932,9.002500000000001,9.361906466089378,359.5273969685933,359.4064660893774,0.0,2.220446049250313e-16,1.387778780781446e-17,0.0,1,1,0.5,False,4.440892098500626e-14,2.775557561562892e-15,0.0,0.0,0.0,0.09223869580741528,0.08771171264952184,0.0008496343701587413,1,1,0.4989839924921209,False,18.48530157184787,17.57806141464685,0.17027287106252356,0.0,True,,amp0p5_edge5_ideal,ideal,5.0,0.5,0.09223869580741528,high,,Clarity_example_Fitted_55b55a71,raw_auto_fit_default,auto_fit_default,raw,False
0,results/sparam_vector_fit_campaign_v1_2026-06-17_fast_overnight_v2/channels/Clarity_example_Fitted_55b55a71/vf_ngspice_smoke/raw_auto_fit_default/amp0p5_edge5_r50.raw,results/sparam_vector_fit_campaign_v1_2026-06-17_fast_overnight_v2/channels/Clarity_example_Fitted_55b55a71/vf_ngspice_smoke/raw_auto_fit_default/amp0p5_edge5_r50.log,1235,12.0,-0.02364598970051275,0.2732751086583742,True,-0.04820933932833796,0.3005900621188747,True,0.0,0.25519258973735004,0.12759629486867502,0.0,0.24940341500248125,0.12470170750124063,1.0024215947064843,1.3578112331588255,9.002319533585215,9.35781995522431,355.38963845234116,355.50042163909404,0.0,0.018082518921024138,0.02364598970051275,5.408497445648865e-05,1,1,0.25519258973735004,False,7.085832288325877,9.265939001148011,0.021193787214649974,0.0,0.0,0.051186647116393424,0.04820933932833796,0.0003151541154931851,1,1,0.24940341500248125,False,20.52363521801984,19.329863357267318,0.12636319173498475,0.0,True,,amp0p5_edge5_r50,50.0,5.0,0.5,0.051186647116393424,high,,Clarity_example_Fitted_55b55a71,raw_auto_fit_default,auto_fit_default,raw,False
