case_id,description,pattern,pulse_high_ns,variant,variant_label,is_hybrid,edge_ns,r_load_ohm,c_load_pf,hspice_deck,ngspice_deck,ngspice_raw,pad_active_rmse_v,pad_active_max_v,ku_active_rmse,ku_active_max,kd_active_rmse,kd_active_max,ku_peak,kd_min,ku_min,kd_max,coeff_range_ok,ku_jump_at_retrigger,kd_jump_at_retrigger,status,kutarget_min,kutarget_max,kdtarget_min,kdtarget_max,kuleg_min,kuleg_max,kdleg_min,kdleg_max,kucor_min,kucor_max,kdcor_min,kdcor_max,hshort_min,hshort_max,highage_min,highage_max
edge_1ps_base_50r_2pf,"Baseline 1 ps rise/fall, 50 ohm + 2 pF",rise_fall,,legacy,legacy pybis,False,0.001,50.0,2.0,results\io_buf_shortpulse_hybrid_retrigger_2026-06-21\cases\edge_1ps_base_50r_2pf\hspice_native_ibis\edge_1ps_base_50r_2pf_hspice_native_ibis.sp,results\io_buf_shortpulse_hybrid_retrigger_2026-06-21\cases\edge_1ps_base_50r_2pf\ngspice_legacy\edge_1ps_base_50r_2pf_ngspice_legacy.sp,results\io_buf_shortpulse_hybrid_retrigger_2026-06-21\cases\edge_1ps_base_50r_2pf\ngspice_legacy\edge_1ps_base_50r_2pf_ngspice_legacy.raw,0.005289179270369432,0.016780177326762624,0.0043424415275439545,0.022940438186631718,0.005607643494728418,0.022891673482503094,1.011993411977149,-0.07176545831892066,-0.02221839669661043,1.006158578486266,True,0.0060293059591601805,0.0015599621388583526,GOOD,,,,,,,,,,,,,,,,
edge_1ps_base_50r_2pf,"Baseline 1 ps rise/fall, 50 ohm + 2 pF",rise_fall,,coeff_state,CoeffState pybis,False,0.001,50.0,2.0,results\io_buf_shortpulse_hybrid_retrigger_2026-06-21\cases\edge_1ps_base_50r_2pf\hspice_native_ibis\edge_1ps_base_50r_2pf_hspice_native_ibis.sp,results\io_buf_shortpulse_hybrid_retrigger_2026-06-21\cases\edge_1ps_base_50r_2pf\ngspice_coeff_state\edge_1ps_base_50r_2pf_ngspice_coeff_state.sp,results\io_buf_shortpulse_hybrid_retrigger_2026-06-21\cases\edge_1ps_base_50r_2pf\ngspice_coeff_state\edge_1ps_base_50r_2pf_ngspice_coeff_state.raw,0.1507440698943726,0.4084742655665227,0.1341134158644908,0.33467468208644996,0.1860789798584822,0.5435596527881147,0.9782798414767484,0.0010957485767565532,0.0019405931589980582,0.9986107960590016,True,6.653105687437488e-05,1.9682606239301847e-15,CHECK,0.001940593159,0.978285379916488,0.001095748576757649,0.9986107960599999,,,,,,,,,,,,
edge_1ps_base_50r_2pf,"Baseline 1 ps rise/fall, 50 ohm + 2 pF",rise_fall,,hybrid_branch,ShortPulseHybrid branch,True,0.001,50.0,2.0,results\io_buf_shortpulse_hybrid_retrigger_2026-06-21\cases\edge_1ps_base_50r_2pf\hspice_native_ibis\edge_1ps_base_50r_2pf_hspice_native_ibis.sp,results\io_buf_shortpulse_hybrid_retrigger_2026-06-21\cases\edge_1ps_base_50r_2pf\ngspice_hybrid_branch\edge_1ps_base_50r_2pf_ngspice_hybrid_branch.sp,results\io_buf_shortpulse_hybrid_retrigger_2026-06-21\cases\edge_1ps_base_50r_2pf\ngspice_hybrid_branch\edge_1ps_base_50r_2pf_ngspice_hybrid_branch.raw,0.00596063853635433,0.01792388680545398,0.0046202973658805045,0.020568621904968498,0.006920559707790945,0.03768707235861152,1.0107700986407837,-0.07176309963310286,-0.022212661896960216,1.0061709537402663,True,0.0032362686580409417,0.0015608701743544517,GOOD,-0.022218397093284447,1.012537303101319,-0.07176547621933273,1.006158578953084,-0.022218397093284447,1.012537303101319,-0.07176547621933273,1.006158578953084,0.001940593159,0.9782858013980018,0.0010957485767419922,0.9986107960599999,0.0,0.0,0.0,10.00016371791085
edge_1ps_base_50r_2pf,"Baseline 1 ps rise/fall, 50 ohm + 2 pF",rise_fall,,hybrid_main_slope,ShortPulseHybrid main-slope,True,0.001,50.0,2.0,results\io_buf_shortpulse_hybrid_retrigger_2026-06-21\cases\edge_1ps_base_50r_2pf\hspice_native_ibis\edge_1ps_base_50r_2pf_hspice_native_ibis.sp,results\io_buf_shortpulse_hybrid_retrigger_2026-06-21\cases\edge_1ps_base_50r_2pf\ngspice_hybrid_main_slope\edge_1ps_base_50r_2pf_ngspice_hybrid_main_slope.sp,results\io_buf_shortpulse_hybrid_retrigger_2026-06-21\cases\edge_1ps_base_50r_2pf\ngspice_hybrid_main_slope\edge_1ps_base_50r_2pf_ngspice_hybrid_main_slope.raw,0.0059570309006932035,0.01792388483473839,0.004620297694806615,0.020568621904963114,0.006920568808882067,0.03768707263328763,1.0107700986407828,-0.07176309963310339,-0.022212661896960216,1.0061709537402663,True,0.003236268658043273,0.0015608701743541837,GOOD,-0.022218397093284447,1.0125373031013183,-0.07176547621933417,1.006158578953084,-0.022218397093284447,1.0125373031013183,-0.07176547621933417,1.006158578953084,0.001940593159,0.9781505442296786,0.0010957485767429682,0.9986107960599999,0.0,0.0,0.0,10.00016371790303
edge_1ps_base_50r_2pf,"Baseline 1 ps rise/fall, 50 ohm + 2 pF",rise_fall,,hybrid_constrained,ShortPulseHybrid constrained,True,0.001,50.0,2.0,results\io_buf_shortpulse_hybrid_retrigger_2026-06-21\cases\edge_1ps_base_50r_2pf\hspice_native_ibis\edge_1ps_base_50r_2pf_hspice_native_ibis.sp,results\io_buf_shortpulse_hybrid_retrigger_2026-06-21\cases\edge_1ps_base_50r_2pf\ngspice_hybrid_constrained\edge_1ps_base_50r_2pf_ngspice_hybrid_constrained.sp,results\io_buf_shortpulse_hybrid_retrigger_2026-06-21\cases\edge_1ps_base_50r_2pf\ngspice_hybrid_constrained\edge_1ps_base_50r_2pf_ngspice_hybrid_constrained.raw,0.0059606385377428866,0.01792388680545398,0.004620297366198951,0.020568621904968498,0.0069205597101023595,0.03768707235861152,1.0107700986407837,-0.07176309963310286,-0.022212661896960216,1.0061709537402663,True,0.0032362686580409417,0.0015608701743544517,GOOD,-0.022218397093284447,1.012537303101319,-0.07176547621933273,1.006158578953084,-0.022218397093284447,1.012537303101319,-0.07176547621933273,1.006158578953084,0.001940593159,0.9782675485040196,0.0010957485767419922,0.9986107960599999,0.0,0.0,0.0,10.00016371791085
short_pulse_500ps_high,"500 ps high pulse with 1 ps edges, 50 ohm + 2 pF",short_pulse,0.5,legacy,legacy pybis,False,0.001,50.0,2.0,results\io_buf_shortpulse_hybrid_retrigger_2026-06-21\cases\short_pulse_500ps_high\hspice_native_ibis\short_pulse_500ps_high_hspice_native_ibis.sp,results\io_buf_shortpulse_hybrid_retrigger_2026-06-21\cases\short_pulse_500ps_high\ngspice_legacy\short_pulse_500ps_high_ngspice_legacy.sp,results\io_buf_shortpulse_hybrid_retrigger_2026-06-21\cases\short_pulse_500ps_high\ngspice_legacy\short_pulse_500ps_high_ngspice_legacy.raw,0.6788631624717939,1.5192086380314573,0.5024469167360023,1.0185615044000251,0.5784688091362512,1.0164322415926907,1.0125315794000251,-0.07171960195953175,-0.017108301170248117,1.003843260562286,True,1.0026008503484238,1.0018020725598422,CHECK,,,,,,,,,,,,,,,,
short_pulse_500ps_high,"500 ps high pulse with 1 ps edges, 50 ohm + 2 pF",short_pulse,0.5,coeff_state,CoeffState pybis,False,0.001,50.0,2.0,results\io_buf_shortpulse_hybrid_retrigger_2026-06-21\cases\short_pulse_500ps_high\hspice_native_ibis\short_pulse_500ps_high_hspice_native_ibis.sp,results\io_buf_shortpulse_hybrid_retrigger_2026-06-21\cases\short_pulse_500ps_high\ngspice_coeff_state\short_pulse_500ps_high_ngspice_coeff_state.sp,results\io_buf_shortpulse_hybrid_retrigger_2026-06-21\cases\short_pulse_500ps_high\ngspice_coeff_state\short_pulse_500ps_high_ngspice_coeff_state.raw,0.04771882722038761,0.11795991429625127,0.07870579251050797,0.20057206095782928,0.4925403841423711,1.0211495260590011,0.20268528549368506,0.12358650247203073,0.0019405931589980582,0.9986107960590017,True,0.002277011573815744,4.440892098500626e-16,CHECK,0.001940593159,0.20238281598810537,0.12410420540817746,0.9986107960599999,,,,,,,,,,,,
short_pulse_500ps_high,"500 ps high pulse with 1 ps edges, 50 ohm + 2 pF",short_pulse,0.5,hybrid_branch,ShortPulseHybrid branch,True,0.001,50.0,2.0,results\io_buf_shortpulse_hybrid_retrigger_2026-06-21\cases\short_pulse_500ps_high\hspice_native_ibis\short_pulse_500ps_high_hspice_native_ibis.sp,results\io_buf_shortpulse_hybrid_retrigger_2026-06-21\cases\short_pulse_500ps_high\ngspice_hybrid_branch\short_pulse_500ps_high_ngspice_hybrid_branch.sp,results\io_buf_shortpulse_hybrid_retrigger_2026-06-21\cases\short_pulse_500ps_high\ngspice_hybrid_branch\short_pulse_500ps_high_ngspice_hybrid_branch.raw,0.04757486682210295,0.1177859461571913,0.07830824957260368,0.2006001946467613,0.4925749162140876,1.021149526059002,0.20249162670194187,0.12327792804274404,-0.002589780175091831,1.003583654785794,True,0.00990621107072866,0.0010091365413382736,CHECK,-0.002589719036645984,0.20207763235504553,0.12372845442416557,1.0037849596004564,-0.017118096264229117,1.0125373050347652,-0.0717183119345074,1.0037849596004564,0.001940593159,0.20207763235504553,0.12372845442416557,0.9986107960599999,0.0,1.0,0.0,0.5001583407010969
short_pulse_500ps_high,"500 ps high pulse with 1 ps edges, 50 ohm + 2 pF",short_pulse,0.5,hybrid_main_slope,ShortPulseHybrid main-slope,True,0.001,50.0,2.0,results\io_buf_shortpulse_hybrid_retrigger_2026-06-21\cases\short_pulse_500ps_high\hspice_native_ibis\short_pulse_500ps_high_hspice_native_ibis.sp,results\io_buf_shortpulse_hybrid_retrigger_2026-06-21\cases\short_pulse_500ps_high\ngspice_hybrid_main_slope\short_pulse_500ps_high_ngspice_hybrid_main_slope.sp,results\io_buf_shortpulse_hybrid_retrigger_2026-06-21\cases\short_pulse_500ps_high\ngspice_hybrid_main_slope\short_pulse_500ps_high_ngspice_hybrid_main_slope.raw,0.06333990272583252,0.15312923179317722,0.057318381990773846,0.1527702947182882,0.507441096012762,1.0211495260590022,0.1992001847182882,0.1259973969100618,-0.002589780175091831,1.003583654785794,True,0.0014114773266980947,0.0010126670363148627,CHECK,-0.002589719036645984,0.19866125134044255,0.12666235660294667,1.0037849596004564,-0.017118254735107887,1.0125370599692398,-0.07171829106371229,1.0037849596004564,0.001940593159,0.19866125134044255,0.12666235660294667,0.9986107960599999,0.0,1.0,0.0,0.5001616126780979
short_pulse_500ps_high,"500 ps high pulse with 1 ps edges, 50 ohm + 2 pF",short_pulse,0.5,hybrid_constrained,ShortPulseHybrid constrained,True,0.001,50.0,2.0,results\io_buf_shortpulse_hybrid_retrigger_2026-06-21\cases\short_pulse_500ps_high\hspice_native_ibis\short_pulse_500ps_high_hspice_native_ibis.sp,results\io_buf_shortpulse_hybrid_retrigger_2026-06-21\cases\short_pulse_500ps_high\ngspice_hybrid_constrained\short_pulse_500ps_high_ngspice_hybrid_constrained.sp,results\io_buf_shortpulse_hybrid_retrigger_2026-06-21\cases\short_pulse_500ps_high\ngspice_hybrid_constrained\short_pulse_500ps_high_ngspice_hybrid_constrained.raw,0.05855771558363793,0.22055722824432708,0.04565872110293687,0.19519549839847222,0.4925821135299475,1.0211495260590022,0.20247734239847223,0.12321566175267266,-0.002589780175091831,1.003583654785794,True,0.0014114773266980947,0.0010126670363148627,CHECK,-0.002589719036645984,0.20210710461155798,0.12365302674723842,1.0037849596004564,-0.017118254735107887,1.0125370599692398,-0.07171829106371229,1.0037849596004564,0.001940593159,0.20210710461155798,0.12365302674723842,0.9986107960599999,0.0,1.0,0.0,0.5001616126780979
short_pulse_1ns_high,"1 ns high pulse with 1 ps edges, 50 ohm + 2 pF",short_pulse,1.0,legacy,legacy pybis,False,0.001,50.0,2.0,results\io_buf_shortpulse_hybrid_retrigger_2026-06-21\cases\short_pulse_1ns_high\hspice_native_ibis\short_pulse_1ns_high_hspice_native_ibis.sp,results\io_buf_shortpulse_hybrid_retrigger_2026-06-21\cases\short_pulse_1ns_high\ngspice_legacy\short_pulse_1ns_high_ngspice_legacy.sp,results\io_buf_shortpulse_hybrid_retrigger_2026-06-21\cases\short_pulse_1ns_high\ngspice_legacy\short_pulse_1ns_high_ngspice_legacy.raw,0.6532560845126897,1.4579885585552739,0.4704147907901465,1.0124229601567074,0.5038066834239642,1.0017879526348774,1.012537321335477,-0.07176545831889017,-0.02221839669661043,1.006158578486266,True,1.0115220290662483,1.003074248053177,CHECK,,,,,,,,,,,,,,,,
short_pulse_1ns_high,"1 ns high pulse with 1 ps edges, 50 ohm + 2 pF",short_pulse,1.0,coeff_state,CoeffState pybis,False,0.001,50.0,2.0,results\io_buf_shortpulse_hybrid_retrigger_2026-06-21\cases\short_pulse_1ns_high\hspice_native_ibis\short_pulse_1ns_high_hspice_native_ibis.sp,results\io_buf_shortpulse_hybrid_retrigger_2026-06-21\cases\short_pulse_1ns_high\ngspice_coeff_state\short_pulse_1ns_high_ngspice_coeff_state.sp,results\io_buf_shortpulse_hybrid_retrigger_2026-06-21\cases\short_pulse_1ns_high\ngspice_coeff_state\short_pulse_1ns_high_ngspice_coeff_state.raw,0.09816132192673542,0.1897266401965425,0.14391417614780744,0.32030283320937936,0.3699348346269751,1.0617976260590012,0.36061739320937936,0.016777661673171084,0.0019405931589980582,0.9986107960590016,True,0.0018080928896592463,4.440892098500626e-16,CHECK,0.001940593159,0.36090271520578154,0.016711571790791847,0.9986107960599999,,,,,,,,,,,,
short_pulse_1ns_high,"1 ns high pulse with 1 ps edges, 50 ohm + 2 pF",short_pulse,1.0,hybrid_branch,ShortPulseHybrid branch,True,0.001,50.0,2.0,results\io_buf_shortpulse_hybrid_retrigger_2026-06-21\cases\short_pulse_1ns_high\hspice_native_ibis\short_pulse_1ns_high_hspice_native_ibis.sp,results\io_buf_shortpulse_hybrid_retrigger_2026-06-21\cases\short_pulse_1ns_high\ngspice_hybrid_branch\short_pulse_1ns_high_ngspice_hybrid_branch.sp,results\io_buf_shortpulse_hybrid_retrigger_2026-06-21\cases\short_pulse_1ns_high\ngspice_hybrid_branch\short_pulse_1ns_high_ngspice_hybrid_branch.raw,0.0878895046571619,0.18917301190982977,0.12790855525562134,0.32032459927990403,0.3699256409638254,1.0617976260590012,0.36063915927990403,0.016774422217996493,-0.022212661896960216,1.0061709537402663,True,0.06791543958737285,0.001218592639513627,CHECK,-0.022218397093284447,0.3609244712614512,0.01670834598798266,1.006158578953084,-0.022218397093284447,1.012537321335477,-0.07176545831888997,1.006158578953084,0.001940593159,0.3609244712614512,0.01670834598798266,0.9986107960599999,0.0,1.0,0.0,1.0001616050610105
short_pulse_1ns_high,"1 ns high pulse with 1 ps edges, 50 ohm + 2 pF",short_pulse,1.0,hybrid_main_slope,ShortPulseHybrid main-slope,True,0.001,50.0,2.0,results\io_buf_shortpulse_hybrid_retrigger_2026-06-21\cases\short_pulse_1ns_high\hspice_native_ibis\short_pulse_1ns_high_hspice_native_ibis.sp,results\io_buf_shortpulse_hybrid_retrigger_2026-06-21\cases\short_pulse_1ns_high\ngspice_hybrid_main_slope\short_pulse_1ns_high_ngspice_hybrid_main_slope.sp,results\io_buf_shortpulse_hybrid_retrigger_2026-06-21\cases\short_pulse_1ns_high\ngspice_hybrid_main_slope\short_pulse_1ns_high_ngspice_hybrid_main_slope.raw,0.1764147248029724,0.3950868745688503,0.13380736075734506,0.3280689114562112,0.3945241700825158,1.0617976260590014,0.3624356514562112,0.0164614929621287,-0.022212661896960216,1.0061709537402663,True,0.0039040387952276826,0.001216861695386262,CHECK,-0.022218397093284447,0.36272013686200527,0.01639673554172622,1.006158578953084,-0.022218397093284447,1.012537321335477,-0.07176542473959012,1.006158578953084,0.001940593159,0.36272013686200527,0.01639673554172622,0.9986107960599999,0.0,1.0,0.0,1.000161141294469
short_pulse_1ns_high,"1 ns high pulse with 1 ps edges, 50 ohm + 2 pF",short_pulse,1.0,hybrid_constrained,ShortPulseHybrid constrained,True,0.001,50.0,2.0,results\io_buf_shortpulse_hybrid_retrigger_2026-06-21\cases\short_pulse_1ns_high\hspice_native_ibis\short_pulse_1ns_high_hspice_native_ibis.sp,results\io_buf_shortpulse_hybrid_retrigger_2026-06-21\cases\short_pulse_1ns_high\ngspice_hybrid_constrained\short_pulse_1ns_high_ngspice_hybrid_constrained.sp,results\io_buf_shortpulse_hybrid_retrigger_2026-06-21\cases\short_pulse_1ns_high\ngspice_hybrid_constrained\short_pulse_1ns_high_ngspice_hybrid_constrained.raw,0.15522436364074424,0.5479871671981646,0.10426518488338073,0.3581918538770293,0.3699340330229699,1.0617976260590014,0.35882361317702927,0.016772507929732432,-0.022212661896960216,1.0061709537402663,True,0.0039040387952276826,0.001216861695386262,CHECK,-0.022218397093284447,0.35910976052128635,0.016706439767298305,1.006158578953084,-0.022218397093284447,1.012537321335477,-0.07176535589182734,1.006158578953084,0.001940593159,0.35910976052128635,0.016706439767298305,0.9986107960599999,0.0,1.0,0.0,1.000161141294469
short_pulse_2ns_high,"2 ns high pulse with 1 ps edges, 50 ohm + 2 pF",short_pulse,2.0,legacy,legacy pybis,False,0.001,50.0,2.0,results\io_buf_shortpulse_hybrid_retrigger_2026-06-21\cases\short_pulse_2ns_high\hspice_native_ibis\short_pulse_2ns_high_hspice_native_ibis.sp,results\io_buf_shortpulse_hybrid_retrigger_2026-06-21\cases\short_pulse_2ns_high\ngspice_legacy\short_pulse_2ns_high_ngspice_legacy.sp,results\io_buf_shortpulse_hybrid_retrigger_2026-06-21\cases\short_pulse_2ns_high\ngspice_legacy\short_pulse_2ns_high_ngspice_legacy.raw,0.3613616426183236,0.9468966623382855,0.2833019281281989,0.7207869,0.23141813087362825,0.7982299065828886,1.012537321335477,-0.07240746584312961,-0.02221839669661043,1.006158578486266,True,0.7330050250303745,0.053807035572748026,CHECK,,,,,,,,,,,,,,,,
short_pulse_2ns_high,"2 ns high pulse with 1 ps edges, 50 ohm + 2 pF",short_pulse,2.0,coeff_state,CoeffState pybis,False,0.001,50.0,2.0,results\io_buf_shortpulse_hybrid_retrigger_2026-06-21\cases\short_pulse_2ns_high\hspice_native_ibis\short_pulse_2ns_high_hspice_native_ibis.sp,results\io_buf_shortpulse_hybrid_retrigger_2026-06-21\cases\short_pulse_2ns_high\ngspice_coeff_state\short_pulse_2ns_high_ngspice_coeff_state.sp,results\io_buf_shortpulse_hybrid_retrigger_2026-06-21\cases\short_pulse_2ns_high\ngspice_coeff_state\short_pulse_2ns_high_ngspice_coeff_state.raw,0.20420500684024073,0.4075068708200529,0.1624438776966828,0.33467468208644996,0.162157185920713,0.3959643205226431,0.590640664016778,0.0013431178004039092,0.0019405931589980582,0.9986107960590016,True,0.0018206449347043518,0.003405024327629874,CHECK,0.001940593159,0.5908004254174462,0.0013420752871097603,0.9986107960599999,,,,,,,,,,,,
short_pulse_2ns_high,"2 ns high pulse with 1 ps edges, 50 ohm + 2 pF",short_pulse,2.0,hybrid_branch,ShortPulseHybrid branch,True,0.001,50.0,2.0,results\io_buf_shortpulse_hybrid_retrigger_2026-06-21\cases\short_pulse_2ns_high\hspice_native_ibis\short_pulse_2ns_high_hspice_native_ibis.sp,results\io_buf_shortpulse_hybrid_retrigger_2026-06-21\cases\short_pulse_2ns_high\ngspice_hybrid_branch\short_pulse_2ns_high_ngspice_hybrid_branch.sp,results\io_buf_shortpulse_hybrid_retrigger_2026-06-21\cases\short_pulse_2ns_high\ngspice_hybrid_branch\short_pulse_2ns_high_ngspice_hybrid_branch.raw,0.116976240180345,0.3463873533282154,0.08738695387805437,0.26933960240090105,0.16077705306338091,0.39582490204704285,0.5906026543886469,0.0013430374824426926,-0.022212661896960216,1.0061709537402663,True,0.08020559291827373,0.018141022164225445,CHECK,-0.022218397093284447,0.590638841652231,0.0013419953076405874,1.006158578953084,-0.022218397093284447,1.012537321335477,-0.07240746584312958,1.006158578953084,0.001940593159,0.590638841652231,0.0013419953076405874,0.9986107960599999,0.0,1.0,0.0,2.000161152518774
short_pulse_2ns_high,"2 ns high pulse with 1 ps edges, 50 ohm + 2 pF",short_pulse,2.0,hybrid_main_slope,ShortPulseHybrid main-slope,True,0.001,50.0,2.0,results\io_buf_shortpulse_hybrid_retrigger_2026-06-21\cases\short_pulse_2ns_high\hspice_native_ibis\short_pulse_2ns_high_hspice_native_ibis.sp,results\io_buf_shortpulse_hybrid_retrigger_2026-06-21\cases\short_pulse_2ns_high\ngspice_hybrid_main_slope\short_pulse_2ns_high_ngspice_hybrid_main_slope.sp,results\io_buf_shortpulse_hybrid_retrigger_2026-06-21\cases\short_pulse_2ns_high\ngspice_hybrid_main_slope\short_pulse_2ns_high_ngspice_hybrid_main_slope.raw,0.35716317662759467,0.8560637624792247,0.24662226756223157,0.5834761642286213,0.15825301131600486,0.38287452617937134,0.5887249282286212,0.001338096799320927,-0.022212661896960216,1.0061709537402663,True,0.07657761939125945,0.02792722943928412,CHECK,-0.022218397093284447,0.5889054987106588,0.001337075446541617,1.006158578953084,-0.022218397093284447,1.012537321335477,-0.07240746712807856,1.006158578953084,0.001940593159,0.5889054987106588,0.001337075446541617,0.9986107960599999,0.0,1.0,0.0,2.000160579148842
short_pulse_2ns_high,"2 ns high pulse with 1 ps edges, 50 ohm + 2 pF",short_pulse,2.0,hybrid_constrained,ShortPulseHybrid constrained,True,0.001,50.0,2.0,results\io_buf_shortpulse_hybrid_retrigger_2026-06-21\cases\short_pulse_2ns_high\hspice_native_ibis\short_pulse_2ns_high_hspice_native_ibis.sp,results\io_buf_shortpulse_hybrid_retrigger_2026-06-21\cases\short_pulse_2ns_high\ngspice_hybrid_constrained\short_pulse_2ns_high_ngspice_hybrid_constrained.sp,results\io_buf_shortpulse_hybrid_retrigger_2026-06-21\cases\short_pulse_2ns_high\ngspice_hybrid_constrained\short_pulse_2ns_high_ngspice_hybrid_constrained.raw,0.31947550477003706,0.9730638759709747,0.21064279916622275,0.5857746271982002,0.1607770203722425,0.39582490204697535,0.5856936360982001,0.0013430374822994892,-0.022212661896960216,1.0061709537402663,True,0.016552650698550136,0.018141022164225445,CHECK,-0.022218397093284447,0.5856202527021269,0.0013419953074978114,1.006158578953084,-0.022218397093284447,1.012537321335477,-0.07240746584312968,1.006158578953084,0.001940593159,0.5856202527021269,0.0013419953074978114,0.9986107960599999,0.0,1.0,0.0,2.000161152518774
