bucket,bucket_description,signal,channel_id,case,selected_candidate_family,independent_rx_shape,independent_rx_timing,hspice_rx_shape,hspice_rx_timing,hspice_audit_class,hspice_audit_reason,rx_active_rmse_mv,rx_active_maxabs_mv,tx_active_rmse_mv,tx_active_maxabs_mv,figure
01_full_pass,"Overall HSPICE audit PASS: RX shape, RX timing, and TX/reflection checks pass.",rx,Clarity_example_acf20e4a,audit_amp1p5_edge500_r50,full_vector_fit,WARN,PASS,PASS,PASS,PASS,thresholds passed,6.4247503036284215,19.634684163285897,3.810711658600172,6.588246931834275,01_full_pass/rx_side/001_PASS_Clarity_example_acf20e4a_audit_amp1p5_edge500_r50_rx.png
01_full_pass,"Overall HSPICE audit PASS: RX shape, RX timing, and TX/reflection checks pass.",tx,Clarity_example_acf20e4a,audit_amp1p5_edge500_r50,full_vector_fit,WARN,PASS,PASS,PASS,PASS,thresholds passed,6.4247503036284215,19.634684163285897,3.810711658600172,6.588246931834275,01_full_pass/tx_side/001_PASS_Clarity_example_acf20e4a_audit_amp1p5_edge500_r50_tx.png
01_full_pass,"Overall HSPICE audit PASS: RX shape, RX timing, and TX/reflection checks pass.",rx,ntwk2_24638a5f,audit_amp1p5_edge500_r50,full_vector_fit,WARN,PASS,PASS,PASS,PASS,thresholds passed,1.049868165915975,1.6525739055285316,2.188910671036679,2.604372659948062,01_full_pass/rx_side/002_PASS_ntwk2_24638a5f_audit_amp1p5_edge500_r50_rx.png
01_full_pass,"Overall HSPICE audit PASS: RX shape, RX timing, and TX/reflection checks pass.",tx,ntwk2_24638a5f,audit_amp1p5_edge500_r50,full_vector_fit,WARN,PASS,PASS,PASS,PASS,thresholds passed,1.049868165915975,1.6525739055285316,2.188910671036679,2.604372659948062,01_full_pass/tx_side/002_PASS_ntwk2_24638a5f_audit_amp1p5_edge500_r50_tx.png
01_full_pass,"Overall HSPICE audit PASS: RX shape, RX timing, and TX/reflection checks pass.",rx,ntwk2_24638a5f,audit_amp1p5_edge50_r50,full_vector_fit,WARN,PASS,PASS,PASS,PASS,thresholds passed,1.1456085280787958,5.06659275083543,2.3119871339247062,9.292201540015698,01_full_pass/rx_side/003_PASS_ntwk2_24638a5f_audit_amp1p5_edge50_r50_rx.png
01_full_pass,"Overall HSPICE audit PASS: RX shape, RX timing, and TX/reflection checks pass.",tx,ntwk2_24638a5f,audit_amp1p5_edge50_r50,full_vector_fit,WARN,PASS,PASS,PASS,PASS,thresholds passed,1.1456085280787958,5.06659275083543,2.3119871339247062,9.292201540015698,01_full_pass/tx_side/003_PASS_ntwk2_24638a5f_audit_amp1p5_edge50_r50_tx.png
01_full_pass,"Overall HSPICE audit PASS: RX shape, RX timing, and TX/reflection checks pass.",rx,ntwk2_e1c16499,audit_amp1p5_edge500_r50,full_vector_fit,WARN,PASS,PASS,PASS,PASS,thresholds passed,1.049868165915975,1.6525739055285316,2.188910671036679,2.604372659948062,01_full_pass/rx_side/004_PASS_ntwk2_e1c16499_audit_amp1p5_edge500_r50_rx.png
01_full_pass,"Overall HSPICE audit PASS: RX shape, RX timing, and TX/reflection checks pass.",tx,ntwk2_e1c16499,audit_amp1p5_edge500_r50,full_vector_fit,WARN,PASS,PASS,PASS,PASS,thresholds passed,1.049868165915975,1.6525739055285316,2.188910671036679,2.604372659948062,01_full_pass/tx_side/004_PASS_ntwk2_e1c16499_audit_amp1p5_edge500_r50_tx.png
01_full_pass,"Overall HSPICE audit PASS: RX shape, RX timing, and TX/reflection checks pass.",rx,ntwk2_e1c16499,audit_amp1p5_edge50_r50,full_vector_fit,WARN,PASS,PASS,PASS,PASS,thresholds passed,1.1456085280787958,5.06659275083543,2.3119871339247062,9.292201540015698,01_full_pass/rx_side/005_PASS_ntwk2_e1c16499_audit_amp1p5_edge50_r50_rx.png
01_full_pass,"Overall HSPICE audit PASS: RX shape, RX timing, and TX/reflection checks pass.",tx,ntwk2_e1c16499,audit_amp1p5_edge50_r50,full_vector_fit,WARN,PASS,PASS,PASS,PASS,thresholds passed,1.1456085280787958,5.06659275083543,2.3119871339247062,9.292201540015698,01_full_pass/tx_side/005_PASS_ntwk2_e1c16499_audit_amp1p5_edge50_r50_tx.png
02_rx_shape_pass_timing_warn,"RX shape matches HSPICE, but timing is WARN/ambiguous. Useful RX-shape evidence, not timing-certified.",rx,Ch10_35_5F3N_f1_49905299,audit_amp1p5_edge500_r50,reduced_4p_rx_dominant_delay_rc,WARN,WARN,PASS,WARN,WARN,voltage_pass_threshold_delay_confidence_low,0.4802535820438431,1.172440379815275,30.866101363239004,67.54282362368788,02_rx_shape_pass_timing_warn/rx_side/006_WARN_Ch10_35_5F3N_f1_49905299_audit_amp1p5_edge500_r50_rx.png
02_rx_shape_pass_timing_warn,"RX shape matches HSPICE, but timing is WARN/ambiguous. Useful RX-shape evidence, not timing-certified.",tx,Ch10_35_5F3N_f1_49905299,audit_amp1p5_edge500_r50,reduced_4p_rx_dominant_delay_rc,WARN,WARN,PASS,WARN,WARN,voltage_pass_threshold_delay_confidence_low,0.4802535820438431,1.172440379815275,30.866101363239004,67.54282362368788,02_rx_shape_pass_timing_warn/tx_side/006_WARN_Ch10_35_5F3N_f1_49905299_audit_amp1p5_edge500_r50_tx.png
02_rx_shape_pass_timing_warn,"RX shape matches HSPICE, but timing is WARN/ambiguous. Useful RX-shape evidence, not timing-certified.",rx,Ch10_35_5F3N_f1_49905299,audit_amp1p5_edge50_r50,reduced_4p_rx_dominant_delay_rc,WARN,WARN,PASS,WARN,WARN,voltage_pass_threshold_delay_confidence_low,0.4966612407467562,1.3247759705112554,32.35664260438757,69.29228311479315,02_rx_shape_pass_timing_warn/rx_side/007_WARN_Ch10_35_5F3N_f1_49905299_audit_amp1p5_edge50_r50_rx.png
02_rx_shape_pass_timing_warn,"RX shape matches HSPICE, but timing is WARN/ambiguous. Useful RX-shape evidence, not timing-certified.",tx,Ch10_35_5F3N_f1_49905299,audit_amp1p5_edge50_r50,reduced_4p_rx_dominant_delay_rc,WARN,WARN,PASS,WARN,WARN,voltage_pass_threshold_delay_confidence_low,0.4966612407467562,1.3247759705112554,32.35664260438757,69.29228311479315,02_rx_shape_pass_timing_warn/tx_side/007_WARN_Ch10_35_5F3N_f1_49905299_audit_amp1p5_edge50_r50_tx.png
02_rx_shape_pass_timing_warn,"RX shape matches HSPICE, but timing is WARN/ambiguous. Useful RX-shape evidence, not timing-certified.",rx,Ch10_35_5F3N_f1_49905299,audit_amp1p5_edge5_r50,reduced_4p_rx_dominant_delay_rc,WARN,WARN,PASS,WARN,WARN,voltage_pass_threshold_delay_confidence_low,0.4553913600695686,1.318519015050329,34.72416520619542,189.53777909642295,02_rx_shape_pass_timing_warn/rx_side/008_WARN_Ch10_35_5F3N_f1_49905299_audit_amp1p5_edge5_r50_rx.png
02_rx_shape_pass_timing_warn,"RX shape matches HSPICE, but timing is WARN/ambiguous. Useful RX-shape evidence, not timing-certified.",tx,Ch10_35_5F3N_f1_49905299,audit_amp1p5_edge5_r50,reduced_4p_rx_dominant_delay_rc,WARN,WARN,PASS,WARN,WARN,voltage_pass_threshold_delay_confidence_low,0.4553913600695686,1.318519015050329,34.72416520619542,189.53777909642295,02_rx_shape_pass_timing_warn/tx_side/008_WARN_Ch10_35_5F3N_f1_49905299_audit_amp1p5_edge5_r50_tx.png
02_rx_shape_pass_timing_warn,"RX shape matches HSPICE, but timing is WARN/ambiguous. Useful RX-shape evidence, not timing-certified.",rx,Ch10_35_5F3N_f2_f23c49e2,audit_amp1p5_edge500_r50,reduced_4p_rx_dominant_delay_rc,WARN,WARN,PASS,WARN,WARN,voltage_pass_threshold_delay_confidence_low,0.011609986310122312,0.027216449535237844,17.116189801008055,19.22844872508378,02_rx_shape_pass_timing_warn/rx_side/009_WARN_Ch10_35_5F3N_f2_f23c49e2_audit_amp1p5_edge500_r50_rx.png
02_rx_shape_pass_timing_warn,"RX shape matches HSPICE, but timing is WARN/ambiguous. Useful RX-shape evidence, not timing-certified.",tx,Ch10_35_5F3N_f2_f23c49e2,audit_amp1p5_edge500_r50,reduced_4p_rx_dominant_delay_rc,WARN,WARN,PASS,WARN,WARN,voltage_pass_threshold_delay_confidence_low,0.011609986310122312,0.027216449535237844,17.116189801008055,19.22844872508378,02_rx_shape_pass_timing_warn/tx_side/009_WARN_Ch10_35_5F3N_f2_f23c49e2_audit_amp1p5_edge500_r50_tx.png
02_rx_shape_pass_timing_warn,"RX shape matches HSPICE, but timing is WARN/ambiguous. Useful RX-shape evidence, not timing-certified.",rx,Ch10_35_5F3N_f2_f23c49e2,audit_amp1p5_edge50_r50,reduced_4p_rx_dominant_delay_rc,WARN,WARN,PASS,WARN,WARN,voltage_pass_threshold_delay_confidence_low,0.011820174692269375,0.027491347776778977,17.682819842518434,20.897270690884067,02_rx_shape_pass_timing_warn/rx_side/010_WARN_Ch10_35_5F3N_f2_f23c49e2_audit_amp1p5_edge50_r50_rx.png
02_rx_shape_pass_timing_warn,"RX shape matches HSPICE, but timing is WARN/ambiguous. Useful RX-shape evidence, not timing-certified.",tx,Ch10_35_5F3N_f2_f23c49e2,audit_amp1p5_edge50_r50,reduced_4p_rx_dominant_delay_rc,WARN,WARN,PASS,WARN,WARN,voltage_pass_threshold_delay_confidence_low,0.011820174692269375,0.027491347776778977,17.682819842518434,20.897270690884067,02_rx_shape_pass_timing_warn/tx_side/010_WARN_Ch10_35_5F3N_f2_f23c49e2_audit_amp1p5_edge50_r50_tx.png
02_rx_shape_pass_timing_warn,"RX shape matches HSPICE, but timing is WARN/ambiguous. Useful RX-shape evidence, not timing-certified.",rx,Ch10_35_5F3N_f3_81049e25,audit_amp1p5_edge500_r50,reduced_4p_rx_dominant_delay_rc,WARN,WARN,PASS,WARN,WARN,voltage_pass_threshold_delay_confidence_low,0.051277777525175004,0.12725823824043223,31.357084054863275,68.87351064315045,02_rx_shape_pass_timing_warn/rx_side/011_WARN_Ch10_35_5F3N_f3_81049e25_audit_amp1p5_edge500_r50_rx.png
02_rx_shape_pass_timing_warn,"RX shape matches HSPICE, but timing is WARN/ambiguous. Useful RX-shape evidence, not timing-certified.",tx,Ch10_35_5F3N_f3_81049e25,audit_amp1p5_edge500_r50,reduced_4p_rx_dominant_delay_rc,WARN,WARN,PASS,WARN,WARN,voltage_pass_threshold_delay_confidence_low,0.051277777525175004,0.12725823824043223,31.357084054863275,68.87351064315045,02_rx_shape_pass_timing_warn/tx_side/011_WARN_Ch10_35_5F3N_f3_81049e25_audit_amp1p5_edge500_r50_tx.png
02_rx_shape_pass_timing_warn,"RX shape matches HSPICE, but timing is WARN/ambiguous. Useful RX-shape evidence, not timing-certified.",rx,Ch10_35_5F3N_f3_81049e25,audit_amp1p5_edge50_r50,reduced_4p_rx_dominant_delay_rc,WARN,WARN,PASS,WARN,WARN,voltage_pass_threshold_delay_confidence_low,0.05919092625719032,0.29756588333249284,32.670291640294906,70.82402999942724,02_rx_shape_pass_timing_warn/rx_side/012_WARN_Ch10_35_5F3N_f3_81049e25_audit_amp1p5_edge50_r50_rx.png
02_rx_shape_pass_timing_warn,"RX shape matches HSPICE, but timing is WARN/ambiguous. Useful RX-shape evidence, not timing-certified.",tx,Ch10_35_5F3N_f3_81049e25,audit_amp1p5_edge50_r50,reduced_4p_rx_dominant_delay_rc,WARN,WARN,PASS,WARN,WARN,voltage_pass_threshold_delay_confidence_low,0.05919092625719032,0.29756588333249284,32.670291640294906,70.82402999942724,02_rx_shape_pass_timing_warn/tx_side/012_WARN_Ch10_35_5F3N_f3_81049e25_audit_amp1p5_edge50_r50_tx.png
02_rx_shape_pass_timing_warn,"RX shape matches HSPICE, but timing is WARN/ambiguous. Useful RX-shape evidence, not timing-certified.",rx,Ch10_35_5F3N_f3_81049e25,audit_amp1p5_edge5_r50,reduced_4p_rx_dominant_delay_rc,WARN,WARN,PASS,WARN,WARN,voltage_pass_threshold_delay_confidence_low,0.051455999552957675,0.13255711006394663,32.99420025375744,76.81786379583188,02_rx_shape_pass_timing_warn/rx_side/013_WARN_Ch10_35_5F3N_f3_81049e25_audit_amp1p5_edge5_r50_rx.png
02_rx_shape_pass_timing_warn,"RX shape matches HSPICE, but timing is WARN/ambiguous. Useful RX-shape evidence, not timing-certified.",tx,Ch10_35_5F3N_f3_81049e25,audit_amp1p5_edge5_r50,reduced_4p_rx_dominant_delay_rc,WARN,WARN,PASS,WARN,WARN,voltage_pass_threshold_delay_confidence_low,0.051455999552957675,0.13255711006394663,32.99420025375744,76.81786379583188,02_rx_shape_pass_timing_warn/tx_side/013_WARN_Ch10_35_5F3N_f3_81049e25_audit_amp1p5_edge5_r50_tx.png
02_rx_shape_pass_timing_warn,"RX shape matches HSPICE, but timing is WARN/ambiguous. Useful RX-shape evidence, not timing-certified.",rx,Ch10_35_5F3N_f4_fc94db99,audit_amp1p5_edge500_r50,reduced_4p_rx_dominant_delay_rc,PASS,WARN,PASS,WARN,WARN,voltage_pass_threshold_delay_confidence_low,0.0433983449907279,0.07327198354971665,30.389888917056286,68.02071006026077,02_rx_shape_pass_timing_warn/rx_side/014_WARN_Ch10_35_5F3N_f4_fc94db99_audit_amp1p5_edge500_r50_rx.png
02_rx_shape_pass_timing_warn,"RX shape matches HSPICE, but timing is WARN/ambiguous. Useful RX-shape evidence, not timing-certified.",tx,Ch10_35_5F3N_f4_fc94db99,audit_amp1p5_edge500_r50,reduced_4p_rx_dominant_delay_rc,PASS,WARN,PASS,WARN,WARN,voltage_pass_threshold_delay_confidence_low,0.0433983449907279,0.07327198354971665,30.389888917056286,68.02071006026077,02_rx_shape_pass_timing_warn/tx_side/014_WARN_Ch10_35_5F3N_f4_fc94db99_audit_amp1p5_edge500_r50_tx.png
02_rx_shape_pass_timing_warn,"RX shape matches HSPICE, but timing is WARN/ambiguous. Useful RX-shape evidence, not timing-certified.",rx,Ch10_35_5F3N_f4_fc94db99,audit_amp1p5_edge50_r50,reduced_4p_rx_dominant_delay_rc,PASS,WARN,PASS,WARN,WARN,voltage_pass_threshold_delay_confidence_low,0.0451948514761551,0.14661615587740304,31.536276726727298,82.59089602395031,02_rx_shape_pass_timing_warn/rx_side/015_WARN_Ch10_35_5F3N_f4_fc94db99_audit_amp1p5_edge50_r50_rx.png
02_rx_shape_pass_timing_warn,"RX shape matches HSPICE, but timing is WARN/ambiguous. Useful RX-shape evidence, not timing-certified.",tx,Ch10_35_5F3N_f4_fc94db99,audit_amp1p5_edge50_r50,reduced_4p_rx_dominant_delay_rc,PASS,WARN,PASS,WARN,WARN,voltage_pass_threshold_delay_confidence_low,0.0451948514761551,0.14661615587740304,31.536276726727298,82.59089602395031,02_rx_shape_pass_timing_warn/tx_side/015_WARN_Ch10_35_5F3N_f4_fc94db99_audit_amp1p5_edge50_r50_tx.png
02_rx_shape_pass_timing_warn,"RX shape matches HSPICE, but timing is WARN/ambiguous. Useful RX-shape evidence, not timing-certified.",rx,Ch10_35_5F3N_f4_fc94db99,audit_amp1p5_edge5_r50,reduced_4p_rx_dominant_delay_rc,PASS,WARN,PASS,WARN,WARN,voltage_pass_threshold_delay_confidence_low,0.04517237929287441,0.16267791219710764,31.36258594057128,70.16830685650686,02_rx_shape_pass_timing_warn/rx_side/016_WARN_Ch10_35_5F3N_f4_fc94db99_audit_amp1p5_edge5_r50_rx.png
02_rx_shape_pass_timing_warn,"RX shape matches HSPICE, but timing is WARN/ambiguous. Useful RX-shape evidence, not timing-certified.",tx,Ch10_35_5F3N_f4_fc94db99,audit_amp1p5_edge5_r50,reduced_4p_rx_dominant_delay_rc,PASS,WARN,PASS,WARN,WARN,voltage_pass_threshold_delay_confidence_low,0.04517237929287441,0.16267791219710764,31.36258594057128,70.16830685650686,02_rx_shape_pass_timing_warn/tx_side/016_WARN_Ch10_35_5F3N_f4_fc94db99_audit_amp1p5_edge5_r50_tx.png
02_rx_shape_pass_timing_warn,"RX shape matches HSPICE, but timing is WARN/ambiguous. Useful RX-shape evidence, not timing-certified.",rx,Ch10_35_5F3N_f5_3a904f20,audit_amp1p5_edge500_r50,reduced_4p_rx_dominant_delay_rc,WARN,WARN,PASS,WARN,WARN,voltage_pass_threshold_delay_confidence_low,0.006817065140355748,0.025354628625467782,30.997326714335355,68.13787596530038,02_rx_shape_pass_timing_warn/rx_side/017_WARN_Ch10_35_5F3N_f5_3a904f20_audit_amp1p5_edge500_r50_rx.png
02_rx_shape_pass_timing_warn,"RX shape matches HSPICE, but timing is WARN/ambiguous. Useful RX-shape evidence, not timing-certified.",tx,Ch10_35_5F3N_f5_3a904f20,audit_amp1p5_edge500_r50,reduced_4p_rx_dominant_delay_rc,WARN,WARN,PASS,WARN,WARN,voltage_pass_threshold_delay_confidence_low,0.006817065140355748,0.025354628625467782,30.997326714335355,68.13787596530038,02_rx_shape_pass_timing_warn/tx_side/017_WARN_Ch10_35_5F3N_f5_3a904f20_audit_amp1p5_edge500_r50_tx.png
02_rx_shape_pass_timing_warn,"RX shape matches HSPICE, but timing is WARN/ambiguous. Useful RX-shape evidence, not timing-certified.",rx,Ch10_35_5F3N_f5_3a904f20,audit_amp1p5_edge50_r50,reduced_4p_rx_dominant_delay_rc,WARN,WARN,PASS,WARN,WARN,voltage_pass_threshold_delay_confidence_low,0.006344916611665691,0.020940668601404974,32.71089705665785,81.10554552746795,02_rx_shape_pass_timing_warn/rx_side/018_WARN_Ch10_35_5F3N_f5_3a904f20_audit_amp1p5_edge50_r50_rx.png
02_rx_shape_pass_timing_warn,"RX shape matches HSPICE, but timing is WARN/ambiguous. Useful RX-shape evidence, not timing-certified.",tx,Ch10_35_5F3N_f5_3a904f20,audit_amp1p5_edge50_r50,reduced_4p_rx_dominant_delay_rc,WARN,WARN,PASS,WARN,WARN,voltage_pass_threshold_delay_confidence_low,0.006344916611665691,0.020940668601404974,32.71089705665785,81.10554552746795,02_rx_shape_pass_timing_warn/tx_side/018_WARN_Ch10_35_5F3N_f5_3a904f20_audit_amp1p5_edge50_r50_tx.png
02_rx_shape_pass_timing_warn,"RX shape matches HSPICE, but timing is WARN/ambiguous. Useful RX-shape evidence, not timing-certified.",rx,Ch10_35_5F3N_f5_3a904f20,audit_amp1p5_edge5_r50,reduced_4p_rx_dominant_delay_rc,WARN,WARN,PASS,WARN,WARN,voltage_pass_threshold_delay_confidence_low,0.007571645790436096,0.05624503946631388,32.2689966050842,69.66407213440088,02_rx_shape_pass_timing_warn/rx_side/019_WARN_Ch10_35_5F3N_f5_3a904f20_audit_amp1p5_edge5_r50_rx.png
02_rx_shape_pass_timing_warn,"RX shape matches HSPICE, but timing is WARN/ambiguous. Useful RX-shape evidence, not timing-certified.",tx,Ch10_35_5F3N_f5_3a904f20,audit_amp1p5_edge5_r50,reduced_4p_rx_dominant_delay_rc,WARN,WARN,PASS,WARN,WARN,voltage_pass_threshold_delay_confidence_low,0.007571645790436096,0.05624503946631388,32.2689966050842,69.66407213440088,02_rx_shape_pass_timing_warn/tx_side/019_WARN_Ch10_35_5F3N_f5_3a904f20_audit_amp1p5_edge5_r50_tx.png
02_rx_shape_pass_timing_warn,"RX shape matches HSPICE, but timing is WARN/ambiguous. Useful RX-shape evidence, not timing-certified.",rx,Ch10_35_8F_f4_71660fc2,audit_amp1p5_edge500_r50,reduced_4p_rx_dominant_delay_rc,PASS,WARN,PASS,WARN,WARN,voltage_pass_threshold_delay_confidence_low,0.0433983449907279,0.07327198354971665,30.389888917056286,68.02071006026077,02_rx_shape_pass_timing_warn/rx_side/020_WARN_Ch10_35_8F_f4_71660fc2_audit_amp1p5_edge500_r50_rx.png
02_rx_shape_pass_timing_warn,"RX shape matches HSPICE, but timing is WARN/ambiguous. Useful RX-shape evidence, not timing-certified.",tx,Ch10_35_8F_f4_71660fc2,audit_amp1p5_edge500_r50,reduced_4p_rx_dominant_delay_rc,PASS,WARN,PASS,WARN,WARN,voltage_pass_threshold_delay_confidence_low,0.0433983449907279,0.07327198354971665,30.389888917056286,68.02071006026077,02_rx_shape_pass_timing_warn/tx_side/020_WARN_Ch10_35_8F_f4_71660fc2_audit_amp1p5_edge500_r50_tx.png
02_rx_shape_pass_timing_warn,"RX shape matches HSPICE, but timing is WARN/ambiguous. Useful RX-shape evidence, not timing-certified.",rx,Ch10_35_8F_f4_71660fc2,audit_amp1p5_edge50_r50,reduced_4p_rx_dominant_delay_rc,PASS,WARN,PASS,WARN,WARN,voltage_pass_threshold_delay_confidence_low,0.0451948514761551,0.14661615587740304,31.536276726727298,82.59089602395031,02_rx_shape_pass_timing_warn/rx_side/021_WARN_Ch10_35_8F_f4_71660fc2_audit_amp1p5_edge50_r50_rx.png
02_rx_shape_pass_timing_warn,"RX shape matches HSPICE, but timing is WARN/ambiguous. Useful RX-shape evidence, not timing-certified.",tx,Ch10_35_8F_f4_71660fc2,audit_amp1p5_edge50_r50,reduced_4p_rx_dominant_delay_rc,PASS,WARN,PASS,WARN,WARN,voltage_pass_threshold_delay_confidence_low,0.0451948514761551,0.14661615587740304,31.536276726727298,82.59089602395031,02_rx_shape_pass_timing_warn/tx_side/021_WARN_Ch10_35_8F_f4_71660fc2_audit_amp1p5_edge50_r50_tx.png
02_rx_shape_pass_timing_warn,"RX shape matches HSPICE, but timing is WARN/ambiguous. Useful RX-shape evidence, not timing-certified.",rx,Ch10_35_8F_f4_71660fc2,audit_amp1p5_edge5_r50,reduced_4p_rx_dominant_delay_rc,PASS,WARN,PASS,WARN,WARN,voltage_pass_threshold_delay_confidence_low,0.04517237929287441,0.16267791219710764,31.36258594057128,70.16830685650686,02_rx_shape_pass_timing_warn/rx_side/022_WARN_Ch10_35_8F_f4_71660fc2_audit_amp1p5_edge5_r50_rx.png
02_rx_shape_pass_timing_warn,"RX shape matches HSPICE, but timing is WARN/ambiguous. Useful RX-shape evidence, not timing-certified.",tx,Ch10_35_8F_f4_71660fc2,audit_amp1p5_edge5_r50,reduced_4p_rx_dominant_delay_rc,PASS,WARN,PASS,WARN,WARN,voltage_pass_threshold_delay_confidence_low,0.04517237929287441,0.16267791219710764,31.36258594057128,70.16830685650686,02_rx_shape_pass_timing_warn/tx_side/022_WARN_Ch10_35_8F_f4_71660fc2_audit_amp1p5_edge5_r50_tx.png
02_rx_shape_pass_timing_warn,"RX shape matches HSPICE, but timing is WARN/ambiguous. Useful RX-shape evidence, not timing-certified.",rx,Ch1_10_5F3N_f1_8f9c2982,audit_amp1p5_edge500_r50,reduced_4p_rx_dominant_delay_rc,WARN,WARN,PASS,WARN,WARN,voltage_pass_threshold_delay_confidence_low,0.046406151562531125,0.2127376267145508,28.251077894718282,59.15022958917899,02_rx_shape_pass_timing_warn/rx_side/023_WARN_Ch1_10_5F3N_f1_8f9c2982_audit_amp1p5_edge500_r50_rx.png
02_rx_shape_pass_timing_warn,"RX shape matches HSPICE, but timing is WARN/ambiguous. Useful RX-shape evidence, not timing-certified.",tx,Ch1_10_5F3N_f1_8f9c2982,audit_amp1p5_edge500_r50,reduced_4p_rx_dominant_delay_rc,WARN,WARN,PASS,WARN,WARN,voltage_pass_threshold_delay_confidence_low,0.046406151562531125,0.2127376267145508,28.251077894718282,59.15022958917899,02_rx_shape_pass_timing_warn/tx_side/023_WARN_Ch1_10_5F3N_f1_8f9c2982_audit_amp1p5_edge500_r50_tx.png
02_rx_shape_pass_timing_warn,"RX shape matches HSPICE, but timing is WARN/ambiguous. Useful RX-shape evidence, not timing-certified.",rx,Ch1_10_5F3N_f1_8f9c2982,audit_amp1p5_edge50_r50,reduced_4p_rx_dominant_delay_rc,WARN,WARN,PASS,WARN,WARN,voltage_pass_threshold_delay_confidence_low,0.05228357878810616,0.26112694423327004,31.84279260003778,67.5648485609478,02_rx_shape_pass_timing_warn/rx_side/024_WARN_Ch1_10_5F3N_f1_8f9c2982_audit_amp1p5_edge50_r50_rx.png
02_rx_shape_pass_timing_warn,"RX shape matches HSPICE, but timing is WARN/ambiguous. Useful RX-shape evidence, not timing-certified.",tx,Ch1_10_5F3N_f1_8f9c2982,audit_amp1p5_edge50_r50,reduced_4p_rx_dominant_delay_rc,WARN,WARN,PASS,WARN,WARN,voltage_pass_threshold_delay_confidence_low,0.05228357878810616,0.26112694423327004,31.84279260003778,67.5648485609478,02_rx_shape_pass_timing_warn/tx_side/024_WARN_Ch1_10_5F3N_f1_8f9c2982_audit_amp1p5_edge50_r50_tx.png
02_rx_shape_pass_timing_warn,"RX shape matches HSPICE, but timing is WARN/ambiguous. Useful RX-shape evidence, not timing-certified.",rx,Ch1_10_5F3N_f1_8f9c2982,audit_amp1p5_edge5_r50,reduced_4p_rx_dominant_delay_rc,WARN,WARN,PASS,WARN,WARN,voltage_pass_threshold_delay_confidence_low,0.050163120333685654,0.25161677437533336,32.03368584522103,93.0810548030102,02_rx_shape_pass_timing_warn/rx_side/025_WARN_Ch1_10_5F3N_f1_8f9c2982_audit_amp1p5_edge5_r50_rx.png
02_rx_shape_pass_timing_warn,"RX shape matches HSPICE, but timing is WARN/ambiguous. Useful RX-shape evidence, not timing-certified.",tx,Ch1_10_5F3N_f1_8f9c2982,audit_amp1p5_edge5_r50,reduced_4p_rx_dominant_delay_rc,WARN,WARN,PASS,WARN,WARN,voltage_pass_threshold_delay_confidence_low,0.050163120333685654,0.25161677437533336,32.03368584522103,93.0810548030102,02_rx_shape_pass_timing_warn/tx_side/025_WARN_Ch1_10_5F3N_f1_8f9c2982_audit_amp1p5_edge5_r50_tx.png
02_rx_shape_pass_timing_warn,"RX shape matches HSPICE, but timing is WARN/ambiguous. Useful RX-shape evidence, not timing-certified.",rx,Ch1_10_5F3N_f2_47dc69c2,audit_amp1p5_edge500_r50,reduced_4p_rx_dominant_delay_rc,WARN,WARN,PASS,WARN,WARN,voltage_pass_threshold_delay_confidence_low,0.014215675235675707,0.03587694753249327,28.996955850286536,58.45133354682446,02_rx_shape_pass_timing_warn/rx_side/026_WARN_Ch1_10_5F3N_f2_47dc69c2_audit_amp1p5_edge500_r50_rx.png
02_rx_shape_pass_timing_warn,"RX shape matches HSPICE, but timing is WARN/ambiguous. Useful RX-shape evidence, not timing-certified.",tx,Ch1_10_5F3N_f2_47dc69c2,audit_amp1p5_edge500_r50,reduced_4p_rx_dominant_delay_rc,WARN,WARN,PASS,WARN,WARN,voltage_pass_threshold_delay_confidence_low,0.014215675235675707,0.03587694753249327,28.996955850286536,58.45133354682446,02_rx_shape_pass_timing_warn/tx_side/026_WARN_Ch1_10_5F3N_f2_47dc69c2_audit_amp1p5_edge500_r50_tx.png
02_rx_shape_pass_timing_warn,"RX shape matches HSPICE, but timing is WARN/ambiguous. Useful RX-shape evidence, not timing-certified.",rx,Ch1_10_5F3N_f2_47dc69c2,audit_amp1p5_edge50_r50,reduced_4p_rx_dominant_delay_rc,WARN,WARN,PASS,WARN,WARN,voltage_pass_threshold_delay_confidence_low,0.014475156661857917,0.045571321957227615,30.809082148229553,70.78564253367081,02_rx_shape_pass_timing_warn/rx_side/027_WARN_Ch1_10_5F3N_f2_47dc69c2_audit_amp1p5_edge50_r50_rx.png
02_rx_shape_pass_timing_warn,"RX shape matches HSPICE, but timing is WARN/ambiguous. Useful RX-shape evidence, not timing-certified.",tx,Ch1_10_5F3N_f2_47dc69c2,audit_amp1p5_edge50_r50,reduced_4p_rx_dominant_delay_rc,WARN,WARN,PASS,WARN,WARN,voltage_pass_threshold_delay_confidence_low,0.014475156661857917,0.045571321957227615,30.809082148229553,70.78564253367081,02_rx_shape_pass_timing_warn/tx_side/027_WARN_Ch1_10_5F3N_f2_47dc69c2_audit_amp1p5_edge50_r50_tx.png
02_rx_shape_pass_timing_warn,"RX shape matches HSPICE, but timing is WARN/ambiguous. Useful RX-shape evidence, not timing-certified.",rx,Ch1_10_5F3N_f2_47dc69c2,audit_amp1p5_edge5_r50,reduced_4p_rx_dominant_delay_rc,WARN,WARN,PASS,WARN,WARN,voltage_pass_threshold_delay_confidence_low,0.014509010926982781,0.047334367671606016,32.55895020954816,89.43524447884488,02_rx_shape_pass_timing_warn/rx_side/028_WARN_Ch1_10_5F3N_f2_47dc69c2_audit_amp1p5_edge5_r50_rx.png
02_rx_shape_pass_timing_warn,"RX shape matches HSPICE, but timing is WARN/ambiguous. Useful RX-shape evidence, not timing-certified.",tx,Ch1_10_5F3N_f2_47dc69c2,audit_amp1p5_edge5_r50,reduced_4p_rx_dominant_delay_rc,WARN,WARN,PASS,WARN,WARN,voltage_pass_threshold_delay_confidence_low,0.014509010926982781,0.047334367671606016,32.55895020954816,89.43524447884488,02_rx_shape_pass_timing_warn/tx_side/028_WARN_Ch1_10_5F3N_f2_47dc69c2_audit_amp1p5_edge5_r50_tx.png
02_rx_shape_pass_timing_warn,"RX shape matches HSPICE, but timing is WARN/ambiguous. Useful RX-shape evidence, not timing-certified.",rx,Ch1_10_5F3N_f4_dfb4f0b9,audit_amp1p5_edge500_r50,reduced_4p_rx_dominant_delay_rc,WARN,WARN,PASS,WARN,WARN,voltage_pass_threshold_delay_confidence_low,0.01680908425875449,0.04519831127547673,10.266958950389204,21.445283087876632,02_rx_shape_pass_timing_warn/rx_side/029_WARN_Ch1_10_5F3N_f4_dfb4f0b9_audit_amp1p5_edge500_r50_rx.png
02_rx_shape_pass_timing_warn,"RX shape matches HSPICE, but timing is WARN/ambiguous. Useful RX-shape evidence, not timing-certified.",tx,Ch1_10_5F3N_f4_dfb4f0b9,audit_amp1p5_edge500_r50,reduced_4p_rx_dominant_delay_rc,WARN,WARN,PASS,WARN,WARN,voltage_pass_threshold_delay_confidence_low,0.01680908425875449,0.04519831127547673,10.266958950389204,21.445283087876632,02_rx_shape_pass_timing_warn/tx_side/029_WARN_Ch1_10_5F3N_f4_dfb4f0b9_audit_amp1p5_edge500_r50_tx.png
02_rx_shape_pass_timing_warn,"RX shape matches HSPICE, but timing is WARN/ambiguous. Useful RX-shape evidence, not timing-certified.",rx,Ch1_10_5F3N_f4_dfb4f0b9,audit_amp1p5_edge50_r50,reduced_4p_rx_dominant_delay_rc,WARN,WARN,PASS,WARN,WARN,voltage_pass_threshold_delay_confidence_low,0.024709487125215396,0.26820722671986774,10.925608048624317,23.65739738594941,02_rx_shape_pass_timing_warn/rx_side/030_WARN_Ch1_10_5F3N_f4_dfb4f0b9_audit_amp1p5_edge50_r50_rx.png
02_rx_shape_pass_timing_warn,"RX shape matches HSPICE, but timing is WARN/ambiguous. Useful RX-shape evidence, not timing-certified.",tx,Ch1_10_5F3N_f4_dfb4f0b9,audit_amp1p5_edge50_r50,reduced_4p_rx_dominant_delay_rc,WARN,WARN,PASS,WARN,WARN,voltage_pass_threshold_delay_confidence_low,0.024709487125215396,0.26820722671986774,10.925608048624317,23.65739738594941,02_rx_shape_pass_timing_warn/tx_side/030_WARN_Ch1_10_5F3N_f4_dfb4f0b9_audit_amp1p5_edge50_r50_tx.png
02_rx_shape_pass_timing_warn,"RX shape matches HSPICE, but timing is WARN/ambiguous. Useful RX-shape evidence, not timing-certified.",rx,Ch1_10_5F3N_f4_dfb4f0b9,audit_amp1p5_edge5_r50,reduced_4p_rx_dominant_delay_rc,WARN,WARN,PASS,WARN,WARN,voltage_pass_threshold_delay_confidence_low,0.06602055926401641,0.8485077800934543,12.527308189555459,46.60961557843013,02_rx_shape_pass_timing_warn/rx_side/031_WARN_Ch1_10_5F3N_f4_dfb4f0b9_audit_amp1p5_edge5_r50_rx.png
02_rx_shape_pass_timing_warn,"RX shape matches HSPICE, but timing is WARN/ambiguous. Useful RX-shape evidence, not timing-certified.",tx,Ch1_10_5F3N_f4_dfb4f0b9,audit_amp1p5_edge5_r50,reduced_4p_rx_dominant_delay_rc,WARN,WARN,PASS,WARN,WARN,voltage_pass_threshold_delay_confidence_low,0.06602055926401641,0.8485077800934543,12.527308189555459,46.60961557843013,02_rx_shape_pass_timing_warn/tx_side/031_WARN_Ch1_10_5F3N_f4_dfb4f0b9_audit_amp1p5_edge5_r50_tx.png
02_rx_shape_pass_timing_warn,"RX shape matches HSPICE, but timing is WARN/ambiguous. Useful RX-shape evidence, not timing-certified.",rx,Ch1_10_5F3N_f5_30ca600f,audit_amp1p5_edge500_r50,reduced_4p_rx_dominant_delay_rc,WARN,WARN,PASS,WARN,WARN,voltage_pass_threshold_delay_confidence_low,0.01711262283072942,0.06974094340296993,29.85138187900975,58.65004048867283,02_rx_shape_pass_timing_warn/rx_side/032_WARN_Ch1_10_5F3N_f5_30ca600f_audit_amp1p5_edge500_r50_rx.png
02_rx_shape_pass_timing_warn,"RX shape matches HSPICE, but timing is WARN/ambiguous. Useful RX-shape evidence, not timing-certified.",tx,Ch1_10_5F3N_f5_30ca600f,audit_amp1p5_edge500_r50,reduced_4p_rx_dominant_delay_rc,WARN,WARN,PASS,WARN,WARN,voltage_pass_threshold_delay_confidence_low,0.01711262283072942,0.06974094340296993,29.85138187900975,58.65004048867283,02_rx_shape_pass_timing_warn/tx_side/032_WARN_Ch1_10_5F3N_f5_30ca600f_audit_amp1p5_edge500_r50_tx.png
02_rx_shape_pass_timing_warn,"RX shape matches HSPICE, but timing is WARN/ambiguous. Useful RX-shape evidence, not timing-certified.",rx,Ch1_10_5F3N_f5_30ca600f,audit_amp1p5_edge50_r50,reduced_4p_rx_dominant_delay_rc,WARN,WARN,PASS,WARN,WARN,voltage_pass_threshold_delay_confidence_low,0.01872210572027107,0.1063532234518877,31.84386545799732,60.41899855089958,02_rx_shape_pass_timing_warn/rx_side/033_WARN_Ch1_10_5F3N_f5_30ca600f_audit_amp1p5_edge50_r50_rx.png
02_rx_shape_pass_timing_warn,"RX shape matches HSPICE, but timing is WARN/ambiguous. Useful RX-shape evidence, not timing-certified.",tx,Ch1_10_5F3N_f5_30ca600f,audit_amp1p5_edge50_r50,reduced_4p_rx_dominant_delay_rc,WARN,WARN,PASS,WARN,WARN,voltage_pass_threshold_delay_confidence_low,0.01872210572027107,0.1063532234518877,31.84386545799732,60.41899855089958,02_rx_shape_pass_timing_warn/tx_side/033_WARN_Ch1_10_5F3N_f5_30ca600f_audit_amp1p5_edge50_r50_tx.png
02_rx_shape_pass_timing_warn,"RX shape matches HSPICE, but timing is WARN/ambiguous. Useful RX-shape evidence, not timing-certified.",rx,Ch1_10_5F3N_f5_30ca600f,audit_amp1p5_edge5_r50,reduced_4p_rx_dominant_delay_rc,WARN,WARN,PASS,WARN,WARN,voltage_pass_threshold_delay_confidence_low,0.01811626099403476,0.11290883679899089,32.472278944273135,78.87706771545777,02_rx_shape_pass_timing_warn/rx_side/034_WARN_Ch1_10_5F3N_f5_30ca600f_audit_amp1p5_edge5_r50_rx.png
02_rx_shape_pass_timing_warn,"RX shape matches HSPICE, but timing is WARN/ambiguous. Useful RX-shape evidence, not timing-certified.",tx,Ch1_10_5F3N_f5_30ca600f,audit_amp1p5_edge5_r50,reduced_4p_rx_dominant_delay_rc,WARN,WARN,PASS,WARN,WARN,voltage_pass_threshold_delay_confidence_low,0.01811626099403476,0.11290883679899089,32.472278944273135,78.87706771545777,02_rx_shape_pass_timing_warn/tx_side/034_WARN_Ch1_10_5F3N_f5_30ca600f_audit_amp1p5_edge5_r50_tx.png
02_rx_shape_pass_timing_warn,"RX shape matches HSPICE, but timing is WARN/ambiguous. Useful RX-shape evidence, not timing-certified.",rx,Ch2_12_5F3N_f1_3378b0a3,audit_amp1p5_edge500_r50,reduced_4p_rx_dominant_delay_rc,WARN,WARN,PASS,WARN,WARN,voltage_pass_threshold_delay_confidence_low,0.09972045731180294,0.34488619104854046,24.773469270087773,51.015315620082866,02_rx_shape_pass_timing_warn/rx_side/035_WARN_Ch2_12_5F3N_f1_3378b0a3_audit_amp1p5_edge500_r50_rx.png
02_rx_shape_pass_timing_warn,"RX shape matches HSPICE, but timing is WARN/ambiguous. Useful RX-shape evidence, not timing-certified.",tx,Ch2_12_5F3N_f1_3378b0a3,audit_amp1p5_edge500_r50,reduced_4p_rx_dominant_delay_rc,WARN,WARN,PASS,WARN,WARN,voltage_pass_threshold_delay_confidence_low,0.09972045731180294,0.34488619104854046,24.773469270087773,51.015315620082866,02_rx_shape_pass_timing_warn/tx_side/035_WARN_Ch2_12_5F3N_f1_3378b0a3_audit_amp1p5_edge500_r50_tx.png
02_rx_shape_pass_timing_warn,"RX shape matches HSPICE, but timing is WARN/ambiguous. Useful RX-shape evidence, not timing-certified.",rx,Ch2_12_5F3N_f1_3378b0a3,audit_amp1p5_edge50_r50,reduced_4p_rx_dominant_delay_rc,WARN,WARN,PASS,WARN,WARN,voltage_pass_threshold_delay_confidence_low,0.09964386196382635,0.3767702489764119,27.757089860359454,67.23229062185865,02_rx_shape_pass_timing_warn/rx_side/036_WARN_Ch2_12_5F3N_f1_3378b0a3_audit_amp1p5_edge50_r50_rx.png
02_rx_shape_pass_timing_warn,"RX shape matches HSPICE, but timing is WARN/ambiguous. Useful RX-shape evidence, not timing-certified.",tx,Ch2_12_5F3N_f1_3378b0a3,audit_amp1p5_edge50_r50,reduced_4p_rx_dominant_delay_rc,WARN,WARN,PASS,WARN,WARN,voltage_pass_threshold_delay_confidence_low,0.09964386196382635,0.3767702489764119,27.757089860359454,67.23229062185865,02_rx_shape_pass_timing_warn/tx_side/036_WARN_Ch2_12_5F3N_f1_3378b0a3_audit_amp1p5_edge50_r50_tx.png
02_rx_shape_pass_timing_warn,"RX shape matches HSPICE, but timing is WARN/ambiguous. Useful RX-shape evidence, not timing-certified.",rx,Ch2_12_5F3N_f1_3378b0a3,audit_amp1p5_edge5_r50,reduced_4p_rx_dominant_delay_rc,WARN,WARN,PASS,WARN,WARN,voltage_pass_threshold_delay_confidence_low,0.1037595705165617,0.38134803307141674,29.071123060574607,75.91189742701754,02_rx_shape_pass_timing_warn/rx_side/037_WARN_Ch2_12_5F3N_f1_3378b0a3_audit_amp1p5_edge5_r50_rx.png
02_rx_shape_pass_timing_warn,"RX shape matches HSPICE, but timing is WARN/ambiguous. Useful RX-shape evidence, not timing-certified.",tx,Ch2_12_5F3N_f1_3378b0a3,audit_amp1p5_edge5_r50,reduced_4p_rx_dominant_delay_rc,WARN,WARN,PASS,WARN,WARN,voltage_pass_threshold_delay_confidence_low,0.1037595705165617,0.38134803307141674,29.071123060574607,75.91189742701754,02_rx_shape_pass_timing_warn/tx_side/037_WARN_Ch2_12_5F3N_f1_3378b0a3_audit_amp1p5_edge5_r50_tx.png
02_rx_shape_pass_timing_warn,"RX shape matches HSPICE, but timing is WARN/ambiguous. Useful RX-shape evidence, not timing-certified.",rx,Ch2_12_5F3N_f2_d795f530,audit_amp1p5_edge500_r50,reduced_4p_rx_dominant_delay_rc,WARN,WARN,PASS,WARN,WARN,voltage_pass_threshold_delay_confidence_low,0.01316110911706908,0.03205987716793402,25.658491941700316,52.008350463460616,02_rx_shape_pass_timing_warn/rx_side/038_WARN_Ch2_12_5F3N_f2_d795f530_audit_amp1p5_edge500_r50_rx.png
02_rx_shape_pass_timing_warn,"RX shape matches HSPICE, but timing is WARN/ambiguous. Useful RX-shape evidence, not timing-certified.",tx,Ch2_12_5F3N_f2_d795f530,audit_amp1p5_edge500_r50,reduced_4p_rx_dominant_delay_rc,WARN,WARN,PASS,WARN,WARN,voltage_pass_threshold_delay_confidence_low,0.01316110911706908,0.03205987716793402,25.658491941700316,52.008350463460616,02_rx_shape_pass_timing_warn/tx_side/038_WARN_Ch2_12_5F3N_f2_d795f530_audit_amp1p5_edge500_r50_tx.png
02_rx_shape_pass_timing_warn,"RX shape matches HSPICE, but timing is WARN/ambiguous. Useful RX-shape evidence, not timing-certified.",rx,Ch2_12_5F3N_f2_d795f530,audit_amp1p5_edge50_r50,reduced_4p_rx_dominant_delay_rc,WARN,WARN,PASS,WARN,WARN,voltage_pass_threshold_delay_confidence_low,0.015766238932093342,0.10908075161295447,27.917986841244847,61.29132882882915,02_rx_shape_pass_timing_warn/rx_side/039_WARN_Ch2_12_5F3N_f2_d795f530_audit_amp1p5_edge50_r50_rx.png
02_rx_shape_pass_timing_warn,"RX shape matches HSPICE, but timing is WARN/ambiguous. Useful RX-shape evidence, not timing-certified.",tx,Ch2_12_5F3N_f2_d795f530,audit_amp1p5_edge50_r50,reduced_4p_rx_dominant_delay_rc,WARN,WARN,PASS,WARN,WARN,voltage_pass_threshold_delay_confidence_low,0.015766238932093342,0.10908075161295447,27.917986841244847,61.29132882882915,02_rx_shape_pass_timing_warn/tx_side/039_WARN_Ch2_12_5F3N_f2_d795f530_audit_amp1p5_edge50_r50_tx.png
02_rx_shape_pass_timing_warn,"RX shape matches HSPICE, but timing is WARN/ambiguous. Useful RX-shape evidence, not timing-certified.",rx,Ch2_12_5F3N_f2_d795f530,audit_amp1p5_edge5_r50,reduced_4p_rx_dominant_delay_rc,WARN,WARN,PASS,WARN,WARN,voltage_pass_threshold_delay_confidence_low,0.015931291453074918,0.12365192046288805,32.04764748342227,174.84969408548307,02_rx_shape_pass_timing_warn/rx_side/040_WARN_Ch2_12_5F3N_f2_d795f530_audit_amp1p5_edge5_r50_rx.png
02_rx_shape_pass_timing_warn,"RX shape matches HSPICE, but timing is WARN/ambiguous. Useful RX-shape evidence, not timing-certified.",tx,Ch2_12_5F3N_f2_d795f530,audit_amp1p5_edge5_r50,reduced_4p_rx_dominant_delay_rc,WARN,WARN,PASS,WARN,WARN,voltage_pass_threshold_delay_confidence_low,0.015931291453074918,0.12365192046288805,32.04764748342227,174.84969408548307,02_rx_shape_pass_timing_warn/tx_side/040_WARN_Ch2_12_5F3N_f2_d795f530_audit_amp1p5_edge5_r50_tx.png
02_rx_shape_pass_timing_warn,"RX shape matches HSPICE, but timing is WARN/ambiguous. Useful RX-shape evidence, not timing-certified.",rx,Ch2_12_5F3N_f4_5d940b85,audit_amp1p5_edge500_r50,reduced_4p_rx_dominant_delay_rc,WARN,WARN,PASS,WARN,WARN,voltage_pass_threshold_delay_confidence_low,0.00790967217439661,0.035911805310324695,33.41531083884519,71.22755182867992,02_rx_shape_pass_timing_warn/rx_side/041_WARN_Ch2_12_5F3N_f4_5d940b85_audit_amp1p5_edge500_r50_rx.png
02_rx_shape_pass_timing_warn,"RX shape matches HSPICE, but timing is WARN/ambiguous. Useful RX-shape evidence, not timing-certified.",tx,Ch2_12_5F3N_f4_5d940b85,audit_amp1p5_edge500_r50,reduced_4p_rx_dominant_delay_rc,WARN,WARN,PASS,WARN,WARN,voltage_pass_threshold_delay_confidence_low,0.00790967217439661,0.035911805310324695,33.41531083884519,71.22755182867992,02_rx_shape_pass_timing_warn/tx_side/041_WARN_Ch2_12_5F3N_f4_5d940b85_audit_amp1p5_edge500_r50_tx.png
02_rx_shape_pass_timing_warn,"RX shape matches HSPICE, but timing is WARN/ambiguous. Useful RX-shape evidence, not timing-certified.",rx,Ch2_12_5F3N_f4_5d940b85,audit_amp1p5_edge50_r50,reduced_4p_rx_dominant_delay_rc,WARN,WARN,PASS,WARN,WARN,voltage_pass_threshold_delay_confidence_low,0.009097541924077876,0.05425227007523929,35.50250340516432,74.58998385065479,02_rx_shape_pass_timing_warn/rx_side/042_WARN_Ch2_12_5F3N_f4_5d940b85_audit_amp1p5_edge50_r50_rx.png
02_rx_shape_pass_timing_warn,"RX shape matches HSPICE, but timing is WARN/ambiguous. Useful RX-shape evidence, not timing-certified.",tx,Ch2_12_5F3N_f4_5d940b85,audit_amp1p5_edge50_r50,reduced_4p_rx_dominant_delay_rc,WARN,WARN,PASS,WARN,WARN,voltage_pass_threshold_delay_confidence_low,0.009097541924077876,0.05425227007523929,35.50250340516432,74.58998385065479,02_rx_shape_pass_timing_warn/tx_side/042_WARN_Ch2_12_5F3N_f4_5d940b85_audit_amp1p5_edge50_r50_tx.png
02_rx_shape_pass_timing_warn,"RX shape matches HSPICE, but timing is WARN/ambiguous. Useful RX-shape evidence, not timing-certified.",rx,Ch2_12_5F3N_f4_5d940b85,audit_amp1p5_edge5_r50,reduced_4p_rx_dominant_delay_rc,WARN,WARN,PASS,WARN,WARN,voltage_pass_threshold_delay_confidence_low,0.009027072341246936,0.05572912354900016,35.57742264271574,75.73336669557712,02_rx_shape_pass_timing_warn/rx_side/043_WARN_Ch2_12_5F3N_f4_5d940b85_audit_amp1p5_edge5_r50_rx.png
02_rx_shape_pass_timing_warn,"RX shape matches HSPICE, but timing is WARN/ambiguous. Useful RX-shape evidence, not timing-certified.",tx,Ch2_12_5F3N_f4_5d940b85,audit_amp1p5_edge5_r50,reduced_4p_rx_dominant_delay_rc,WARN,WARN,PASS,WARN,WARN,voltage_pass_threshold_delay_confidence_low,0.009027072341246936,0.05572912354900016,35.57742264271574,75.73336669557712,02_rx_shape_pass_timing_warn/tx_side/043_WARN_Ch2_12_5F3N_f4_5d940b85_audit_amp1p5_edge5_r50_tx.png
02_rx_shape_pass_timing_warn,"RX shape matches HSPICE, but timing is WARN/ambiguous. Useful RX-shape evidence, not timing-certified.",rx,Ch3_17_5F3N_f3_c08ef229,audit_amp1p5_edge500_r50,reduced_4p_rx_dominant_delay_rc,PASS,WARN,PASS,WARN,WARN,voltage_pass_threshold_delay_confidence_low,0.02338035181543307,0.14659176043920535,29.06993252262557,65.87286434228196,02_rx_shape_pass_timing_warn/rx_side/044_WARN_Ch3_17_5F3N_f3_c08ef229_audit_amp1p5_edge500_r50_rx.png
02_rx_shape_pass_timing_warn,"RX shape matches HSPICE, but timing is WARN/ambiguous. Useful RX-shape evidence, not timing-certified.",tx,Ch3_17_5F3N_f3_c08ef229,audit_amp1p5_edge500_r50,reduced_4p_rx_dominant_delay_rc,PASS,WARN,PASS,WARN,WARN,voltage_pass_threshold_delay_confidence_low,0.02338035181543307,0.14659176043920535,29.06993252262557,65.87286434228196,02_rx_shape_pass_timing_warn/tx_side/044_WARN_Ch3_17_5F3N_f3_c08ef229_audit_amp1p5_edge500_r50_tx.png
02_rx_shape_pass_timing_warn,"RX shape matches HSPICE, but timing is WARN/ambiguous. Useful RX-shape evidence, not timing-certified.",rx,Ch3_17_5F3N_f3_c08ef229,audit_amp1p5_edge50_r50,reduced_4p_rx_dominant_delay_rc,PASS,WARN,PASS,WARN,WARN,voltage_pass_threshold_delay_confidence_low,0.03303862907878421,0.39992273335948886,31.069983130590835,68.95284908891396,02_rx_shape_pass_timing_warn/rx_side/045_WARN_Ch3_17_5F3N_f3_c08ef229_audit_amp1p5_edge50_r50_rx.png
02_rx_shape_pass_timing_warn,"RX shape matches HSPICE, but timing is WARN/ambiguous. Useful RX-shape evidence, not timing-certified.",tx,Ch3_17_5F3N_f3_c08ef229,audit_amp1p5_edge50_r50,reduced_4p_rx_dominant_delay_rc,PASS,WARN,PASS,WARN,WARN,voltage_pass_threshold_delay_confidence_low,0.03303862907878421,0.39992273335948886,31.069983130590835,68.95284908891396,02_rx_shape_pass_timing_warn/tx_side/045_WARN_Ch3_17_5F3N_f3_c08ef229_audit_amp1p5_edge50_r50_tx.png
02_rx_shape_pass_timing_warn,"RX shape matches HSPICE, but timing is WARN/ambiguous. Useful RX-shape evidence, not timing-certified.",rx,Ch3_17_5F3N_f3_c08ef229,audit_amp1p5_edge5_r50,reduced_4p_rx_dominant_delay_rc,PASS,WARN,PASS,WARN,WARN,voltage_pass_threshold_delay_confidence_low,0.030080691712969055,0.16192221444024418,32.0840049843606,80.15819908388733,02_rx_shape_pass_timing_warn/rx_side/046_WARN_Ch3_17_5F3N_f3_c08ef229_audit_amp1p5_edge5_r50_rx.png
02_rx_shape_pass_timing_warn,"RX shape matches HSPICE, but timing is WARN/ambiguous. Useful RX-shape evidence, not timing-certified.",tx,Ch3_17_5F3N_f3_c08ef229,audit_amp1p5_edge5_r50,reduced_4p_rx_dominant_delay_rc,PASS,WARN,PASS,WARN,WARN,voltage_pass_threshold_delay_confidence_low,0.030080691712969055,0.16192221444024418,32.0840049843606,80.15819908388733,02_rx_shape_pass_timing_warn/tx_side/046_WARN_Ch3_17_5F3N_f3_c08ef229_audit_amp1p5_edge5_r50_tx.png
02_rx_shape_pass_timing_warn,"RX shape matches HSPICE, but timing is WARN/ambiguous. Useful RX-shape evidence, not timing-certified.",rx,Ch3_17_5F3N_f4_efc6aab7,audit_amp1p5_edge500_r50,reduced_4p_rx_dominant_delay_rc,PASS,WARN,PASS,WARN,WARN,voltage_pass_threshold_delay_confidence_low,0.01839462984332425,0.1038700715997295,28.189700830129564,63.5963748232448,02_rx_shape_pass_timing_warn/rx_side/047_WARN_Ch3_17_5F3N_f4_efc6aab7_audit_amp1p5_edge500_r50_rx.png
02_rx_shape_pass_timing_warn,"RX shape matches HSPICE, but timing is WARN/ambiguous. Useful RX-shape evidence, not timing-certified.",tx,Ch3_17_5F3N_f4_efc6aab7,audit_amp1p5_edge500_r50,reduced_4p_rx_dominant_delay_rc,PASS,WARN,PASS,WARN,WARN,voltage_pass_threshold_delay_confidence_low,0.01839462984332425,0.1038700715997295,28.189700830129564,63.5963748232448,02_rx_shape_pass_timing_warn/tx_side/047_WARN_Ch3_17_5F3N_f4_efc6aab7_audit_amp1p5_edge500_r50_tx.png
02_rx_shape_pass_timing_warn,"RX shape matches HSPICE, but timing is WARN/ambiguous. Useful RX-shape evidence, not timing-certified.",rx,Ch3_17_5F3N_f4_efc6aab7,audit_amp1p5_edge50_r50,reduced_4p_rx_dominant_delay_rc,PASS,WARN,PASS,WARN,WARN,voltage_pass_threshold_delay_confidence_low,0.03187740277850774,0.3111386252711069,30.397784574093368,68.80886209487203,02_rx_shape_pass_timing_warn/rx_side/048_WARN_Ch3_17_5F3N_f4_efc6aab7_audit_amp1p5_edge50_r50_rx.png
02_rx_shape_pass_timing_warn,"RX shape matches HSPICE, but timing is WARN/ambiguous. Useful RX-shape evidence, not timing-certified.",tx,Ch3_17_5F3N_f4_efc6aab7,audit_amp1p5_edge50_r50,reduced_4p_rx_dominant_delay_rc,PASS,WARN,PASS,WARN,WARN,voltage_pass_threshold_delay_confidence_low,0.03187740277850774,0.3111386252711069,30.397784574093368,68.80886209487203,02_rx_shape_pass_timing_warn/tx_side/048_WARN_Ch3_17_5F3N_f4_efc6aab7_audit_amp1p5_edge50_r50_tx.png
02_rx_shape_pass_timing_warn,"RX shape matches HSPICE, but timing is WARN/ambiguous. Useful RX-shape evidence, not timing-certified.",rx,Ch3_17_5F3N_f4_efc6aab7,audit_amp1p5_edge5_r50,reduced_4p_rx_dominant_delay_rc,PASS,WARN,PASS,WARN,WARN,voltage_pass_threshold_delay_confidence_low,0.024446745196142233,0.18472544615538738,30.905152775964694,103.98029982800308,02_rx_shape_pass_timing_warn/rx_side/049_WARN_Ch3_17_5F3N_f4_efc6aab7_audit_amp1p5_edge5_r50_rx.png
02_rx_shape_pass_timing_warn,"RX shape matches HSPICE, but timing is WARN/ambiguous. Useful RX-shape evidence, not timing-certified.",tx,Ch3_17_5F3N_f4_efc6aab7,audit_amp1p5_edge5_r50,reduced_4p_rx_dominant_delay_rc,PASS,WARN,PASS,WARN,WARN,voltage_pass_threshold_delay_confidence_low,0.024446745196142233,0.18472544615538738,30.905152775964694,103.98029982800308,02_rx_shape_pass_timing_warn/tx_side/049_WARN_Ch3_17_5F3N_f4_efc6aab7_audit_amp1p5_edge5_r50_tx.png
02_rx_shape_pass_timing_warn,"RX shape matches HSPICE, but timing is WARN/ambiguous. Useful RX-shape evidence, not timing-certified.",rx,Ch3_17_8F_f3_00c873e8,audit_amp1p5_edge500_r50,reduced_4p_rx_dominant_delay_rc,PASS,WARN,PASS,WARN,WARN,voltage_pass_threshold_delay_confidence_low,0.02338035181543307,0.14659176043920535,29.06993252262557,65.87286434228196,02_rx_shape_pass_timing_warn/rx_side/050_WARN_Ch3_17_8F_f3_00c873e8_audit_amp1p5_edge500_r50_rx.png
02_rx_shape_pass_timing_warn,"RX shape matches HSPICE, but timing is WARN/ambiguous. Useful RX-shape evidence, not timing-certified.",tx,Ch3_17_8F_f3_00c873e8,audit_amp1p5_edge500_r50,reduced_4p_rx_dominant_delay_rc,PASS,WARN,PASS,WARN,WARN,voltage_pass_threshold_delay_confidence_low,0.02338035181543307,0.14659176043920535,29.06993252262557,65.87286434228196,02_rx_shape_pass_timing_warn/tx_side/050_WARN_Ch3_17_8F_f3_00c873e8_audit_amp1p5_edge500_r50_tx.png
02_rx_shape_pass_timing_warn,"RX shape matches HSPICE, but timing is WARN/ambiguous. Useful RX-shape evidence, not timing-certified.",rx,Ch3_17_8F_f3_00c873e8,audit_amp1p5_edge50_r50,reduced_4p_rx_dominant_delay_rc,PASS,WARN,PASS,WARN,WARN,voltage_pass_threshold_delay_confidence_low,0.03303862907878421,0.39992273335948886,31.069983130590835,68.95284908891396,02_rx_shape_pass_timing_warn/rx_side/051_WARN_Ch3_17_8F_f3_00c873e8_audit_amp1p5_edge50_r50_rx.png
02_rx_shape_pass_timing_warn,"RX shape matches HSPICE, but timing is WARN/ambiguous. Useful RX-shape evidence, not timing-certified.",tx,Ch3_17_8F_f3_00c873e8,audit_amp1p5_edge50_r50,reduced_4p_rx_dominant_delay_rc,PASS,WARN,PASS,WARN,WARN,voltage_pass_threshold_delay_confidence_low,0.03303862907878421,0.39992273335948886,31.069983130590835,68.95284908891396,02_rx_shape_pass_timing_warn/tx_side/051_WARN_Ch3_17_8F_f3_00c873e8_audit_amp1p5_edge50_r50_tx.png
02_rx_shape_pass_timing_warn,"RX shape matches HSPICE, but timing is WARN/ambiguous. Useful RX-shape evidence, not timing-certified.",rx,Ch3_17_8F_f3_00c873e8,audit_amp1p5_edge5_r50,reduced_4p_rx_dominant_delay_rc,PASS,WARN,PASS,WARN,WARN,voltage_pass_threshold_delay_confidence_low,0.030080691712969055,0.16192221444024418,32.0840049843606,80.15819908388733,02_rx_shape_pass_timing_warn/rx_side/052_WARN_Ch3_17_8F_f3_00c873e8_audit_amp1p5_edge5_r50_rx.png
02_rx_shape_pass_timing_warn,"RX shape matches HSPICE, but timing is WARN/ambiguous. Useful RX-shape evidence, not timing-certified.",tx,Ch3_17_8F_f3_00c873e8,audit_amp1p5_edge5_r50,reduced_4p_rx_dominant_delay_rc,PASS,WARN,PASS,WARN,WARN,voltage_pass_threshold_delay_confidence_low,0.030080691712969055,0.16192221444024418,32.0840049843606,80.15819908388733,02_rx_shape_pass_timing_warn/tx_side/052_WARN_Ch3_17_8F_f3_00c873e8_audit_amp1p5_edge5_r50_tx.png
02_rx_shape_pass_timing_warn,"RX shape matches HSPICE, but timing is WARN/ambiguous. Useful RX-shape evidence, not timing-certified.",rx,Ch3_17_8F_f4_817c067b,audit_amp1p5_edge500_r50,reduced_4p_rx_dominant_delay_rc,PASS,WARN,PASS,WARN,WARN,voltage_pass_threshold_delay_confidence_low,0.01839462984332425,0.1038700715997295,28.189700830129564,63.5963748232448,02_rx_shape_pass_timing_warn/rx_side/053_WARN_Ch3_17_8F_f4_817c067b_audit_amp1p5_edge500_r50_rx.png
02_rx_shape_pass_timing_warn,"RX shape matches HSPICE, but timing is WARN/ambiguous. Useful RX-shape evidence, not timing-certified.",tx,Ch3_17_8F_f4_817c067b,audit_amp1p5_edge500_r50,reduced_4p_rx_dominant_delay_rc,PASS,WARN,PASS,WARN,WARN,voltage_pass_threshold_delay_confidence_low,0.01839462984332425,0.1038700715997295,28.189700830129564,63.5963748232448,02_rx_shape_pass_timing_warn/tx_side/053_WARN_Ch3_17_8F_f4_817c067b_audit_amp1p5_edge500_r50_tx.png
02_rx_shape_pass_timing_warn,"RX shape matches HSPICE, but timing is WARN/ambiguous. Useful RX-shape evidence, not timing-certified.",rx,Ch3_17_8F_f4_817c067b,audit_amp1p5_edge50_r50,reduced_4p_rx_dominant_delay_rc,PASS,WARN,PASS,WARN,WARN,voltage_pass_threshold_delay_confidence_low,0.03187740277850774,0.3111386252711069,30.397784574093368,68.80886209487203,02_rx_shape_pass_timing_warn/rx_side/054_WARN_Ch3_17_8F_f4_817c067b_audit_amp1p5_edge50_r50_rx.png
02_rx_shape_pass_timing_warn,"RX shape matches HSPICE, but timing is WARN/ambiguous. Useful RX-shape evidence, not timing-certified.",tx,Ch3_17_8F_f4_817c067b,audit_amp1p5_edge50_r50,reduced_4p_rx_dominant_delay_rc,PASS,WARN,PASS,WARN,WARN,voltage_pass_threshold_delay_confidence_low,0.03187740277850774,0.3111386252711069,30.397784574093368,68.80886209487203,02_rx_shape_pass_timing_warn/tx_side/054_WARN_Ch3_17_8F_f4_817c067b_audit_amp1p5_edge50_r50_tx.png
02_rx_shape_pass_timing_warn,"RX shape matches HSPICE, but timing is WARN/ambiguous. Useful RX-shape evidence, not timing-certified.",rx,Ch3_17_8F_f4_817c067b,audit_amp1p5_edge5_r50,reduced_4p_rx_dominant_delay_rc,PASS,WARN,PASS,WARN,WARN,voltage_pass_threshold_delay_confidence_low,0.024446745196142233,0.18472544615538738,30.905152775964694,103.98029982800308,02_rx_shape_pass_timing_warn/rx_side/055_WARN_Ch3_17_8F_f4_817c067b_audit_amp1p5_edge5_r50_rx.png
02_rx_shape_pass_timing_warn,"RX shape matches HSPICE, but timing is WARN/ambiguous. Useful RX-shape evidence, not timing-certified.",tx,Ch3_17_8F_f4_817c067b,audit_amp1p5_edge5_r50,reduced_4p_rx_dominant_delay_rc,PASS,WARN,PASS,WARN,WARN,voltage_pass_threshold_delay_confidence_low,0.024446745196142233,0.18472544615538738,30.905152775964694,103.98029982800308,02_rx_shape_pass_timing_warn/tx_side/055_WARN_Ch3_17_8F_f4_817c067b_audit_amp1p5_edge5_r50_tx.png
02_rx_shape_pass_timing_warn,"RX shape matches HSPICE, but timing is WARN/ambiguous. Useful RX-shape evidence, not timing-certified.",rx,Ch3_17_8F_f7_49b5a47c,audit_amp1p5_edge500_r50,reduced_4p_rx_dominant_delay_rc,PASS,WARN,PASS,WARN,WARN,voltage_pass_threshold_delay_confidence_low,0.02338035181543307,0.14659176043920535,29.06993252262557,65.87286434228196,02_rx_shape_pass_timing_warn/rx_side/056_WARN_Ch3_17_8F_f7_49b5a47c_audit_amp1p5_edge500_r50_rx.png
02_rx_shape_pass_timing_warn,"RX shape matches HSPICE, but timing is WARN/ambiguous. Useful RX-shape evidence, not timing-certified.",tx,Ch3_17_8F_f7_49b5a47c,audit_amp1p5_edge500_r50,reduced_4p_rx_dominant_delay_rc,PASS,WARN,PASS,WARN,WARN,voltage_pass_threshold_delay_confidence_low,0.02338035181543307,0.14659176043920535,29.06993252262557,65.87286434228196,02_rx_shape_pass_timing_warn/tx_side/056_WARN_Ch3_17_8F_f7_49b5a47c_audit_amp1p5_edge500_r50_tx.png
02_rx_shape_pass_timing_warn,"RX shape matches HSPICE, but timing is WARN/ambiguous. Useful RX-shape evidence, not timing-certified.",rx,Ch3_17_8F_f7_49b5a47c,audit_amp1p5_edge50_r50,reduced_4p_rx_dominant_delay_rc,PASS,WARN,PASS,WARN,WARN,voltage_pass_threshold_delay_confidence_low,0.03303862907878421,0.39992273335948886,31.069983130590835,68.95284908891396,02_rx_shape_pass_timing_warn/rx_side/057_WARN_Ch3_17_8F_f7_49b5a47c_audit_amp1p5_edge50_r50_rx.png
02_rx_shape_pass_timing_warn,"RX shape matches HSPICE, but timing is WARN/ambiguous. Useful RX-shape evidence, not timing-certified.",tx,Ch3_17_8F_f7_49b5a47c,audit_amp1p5_edge50_r50,reduced_4p_rx_dominant_delay_rc,PASS,WARN,PASS,WARN,WARN,voltage_pass_threshold_delay_confidence_low,0.03303862907878421,0.39992273335948886,31.069983130590835,68.95284908891396,02_rx_shape_pass_timing_warn/tx_side/057_WARN_Ch3_17_8F_f7_49b5a47c_audit_amp1p5_edge50_r50_tx.png
02_rx_shape_pass_timing_warn,"RX shape matches HSPICE, but timing is WARN/ambiguous. Useful RX-shape evidence, not timing-certified.",rx,Ch3_17_8F_f7_49b5a47c,audit_amp1p5_edge5_r50,reduced_4p_rx_dominant_delay_rc,PASS,WARN,PASS,WARN,WARN,voltage_pass_threshold_delay_confidence_low,0.030080691712969055,0.16192221444024418,32.0840049843606,80.15819908388733,02_rx_shape_pass_timing_warn/rx_side/058_WARN_Ch3_17_8F_f7_49b5a47c_audit_amp1p5_edge5_r50_rx.png
02_rx_shape_pass_timing_warn,"RX shape matches HSPICE, but timing is WARN/ambiguous. Useful RX-shape evidence, not timing-certified.",tx,Ch3_17_8F_f7_49b5a47c,audit_amp1p5_edge5_r50,reduced_4p_rx_dominant_delay_rc,PASS,WARN,PASS,WARN,WARN,voltage_pass_threshold_delay_confidence_low,0.030080691712969055,0.16192221444024418,32.0840049843606,80.15819908388733,02_rx_shape_pass_timing_warn/tx_side/058_WARN_Ch3_17_8F_f7_49b5a47c_audit_amp1p5_edge5_r50_tx.png
02_rx_shape_pass_timing_warn,"RX shape matches HSPICE, but timing is WARN/ambiguous. Useful RX-shape evidence, not timing-certified.",rx,Ch8_30_5F3N_f3_5fb04c7e,audit_amp1p5_edge500_r50,reduced_4p_rx_delayeq_rc_ring,WARN,WARN,PASS,WARN,WARN,voltage_pass_threshold_delay_confidence_low,0.014121923828105976,0.04678698905222739,21.827339518971634,47.949360064868245,02_rx_shape_pass_timing_warn/rx_side/059_WARN_Ch8_30_5F3N_f3_5fb04c7e_audit_amp1p5_edge500_r50_rx.png
02_rx_shape_pass_timing_warn,"RX shape matches HSPICE, but timing is WARN/ambiguous. Useful RX-shape evidence, not timing-certified.",tx,Ch8_30_5F3N_f3_5fb04c7e,audit_amp1p5_edge500_r50,reduced_4p_rx_delayeq_rc_ring,WARN,WARN,PASS,WARN,WARN,voltage_pass_threshold_delay_confidence_low,0.014121923828105976,0.04678698905222739,21.827339518971634,47.949360064868245,02_rx_shape_pass_timing_warn/tx_side/059_WARN_Ch8_30_5F3N_f3_5fb04c7e_audit_amp1p5_edge500_r50_tx.png
02_rx_shape_pass_timing_warn,"RX shape matches HSPICE, but timing is WARN/ambiguous. Useful RX-shape evidence, not timing-certified.",rx,Ch8_30_5F3N_f3_5fb04c7e,audit_amp1p5_edge50_r50,reduced_4p_rx_delayeq_rc_ring,WARN,WARN,PASS,WARN,WARN,voltage_pass_threshold_delay_confidence_low,0.016856564422606357,0.08489103414635102,24.32191792675092,55.84220517133208,02_rx_shape_pass_timing_warn/rx_side/060_WARN_Ch8_30_5F3N_f3_5fb04c7e_audit_amp1p5_edge50_r50_rx.png
02_rx_shape_pass_timing_warn,"RX shape matches HSPICE, but timing is WARN/ambiguous. Useful RX-shape evidence, not timing-certified.",tx,Ch8_30_5F3N_f3_5fb04c7e,audit_amp1p5_edge50_r50,reduced_4p_rx_delayeq_rc_ring,WARN,WARN,PASS,WARN,WARN,voltage_pass_threshold_delay_confidence_low,0.016856564422606357,0.08489103414635102,24.32191792675092,55.84220517133208,02_rx_shape_pass_timing_warn/tx_side/060_WARN_Ch8_30_5F3N_f3_5fb04c7e_audit_amp1p5_edge50_r50_tx.png
02_rx_shape_pass_timing_warn,"RX shape matches HSPICE, but timing is WARN/ambiguous. Useful RX-shape evidence, not timing-certified.",rx,Ch8_30_5F3N_f3_5fb04c7e,audit_amp1p5_edge5_r50,reduced_4p_rx_delayeq_rc_ring,WARN,WARN,PASS,WARN,WARN,voltage_pass_threshold_delay_confidence_low,0.0215526714004491,0.09945196367270395,27.269686590767332,97.3582887195843,02_rx_shape_pass_timing_warn/rx_side/061_WARN_Ch8_30_5F3N_f3_5fb04c7e_audit_amp1p5_edge5_r50_rx.png
02_rx_shape_pass_timing_warn,"RX shape matches HSPICE, but timing is WARN/ambiguous. Useful RX-shape evidence, not timing-certified.",tx,Ch8_30_5F3N_f3_5fb04c7e,audit_amp1p5_edge5_r50,reduced_4p_rx_delayeq_rc_ring,WARN,WARN,PASS,WARN,WARN,voltage_pass_threshold_delay_confidence_low,0.0215526714004491,0.09945196367270395,27.269686590767332,97.3582887195843,02_rx_shape_pass_timing_warn/tx_side/061_WARN_Ch8_30_5F3N_f3_5fb04c7e_audit_amp1p5_edge5_r50_tx.png
02_rx_shape_pass_timing_warn,"RX shape matches HSPICE, but timing is WARN/ambiguous. Useful RX-shape evidence, not timing-certified.",rx,Ch8_30_8F_f3_9c3ef384,audit_amp1p5_edge500_r50,reduced_4p_rx_delayeq_rc_ring,WARN,WARN,PASS,WARN,WARN,voltage_pass_threshold_delay_confidence_low,0.014121923828105976,0.04678698905222739,21.827339518971634,47.949360064868245,02_rx_shape_pass_timing_warn/rx_side/062_WARN_Ch8_30_8F_f3_9c3ef384_audit_amp1p5_edge500_r50_rx.png
02_rx_shape_pass_timing_warn,"RX shape matches HSPICE, but timing is WARN/ambiguous. Useful RX-shape evidence, not timing-certified.",tx,Ch8_30_8F_f3_9c3ef384,audit_amp1p5_edge500_r50,reduced_4p_rx_delayeq_rc_ring,WARN,WARN,PASS,WARN,WARN,voltage_pass_threshold_delay_confidence_low,0.014121923828105976,0.04678698905222739,21.827339518971634,47.949360064868245,02_rx_shape_pass_timing_warn/tx_side/062_WARN_Ch8_30_8F_f3_9c3ef384_audit_amp1p5_edge500_r50_tx.png
02_rx_shape_pass_timing_warn,"RX shape matches HSPICE, but timing is WARN/ambiguous. Useful RX-shape evidence, not timing-certified.",rx,Ch8_30_8F_f3_9c3ef384,audit_amp1p5_edge50_r50,reduced_4p_rx_delayeq_rc_ring,WARN,WARN,PASS,WARN,WARN,voltage_pass_threshold_delay_confidence_low,0.016856564422606357,0.08489103414635102,24.32191792675092,55.84220517133208,02_rx_shape_pass_timing_warn/rx_side/063_WARN_Ch8_30_8F_f3_9c3ef384_audit_amp1p5_edge50_r50_rx.png
02_rx_shape_pass_timing_warn,"RX shape matches HSPICE, but timing is WARN/ambiguous. Useful RX-shape evidence, not timing-certified.",tx,Ch8_30_8F_f3_9c3ef384,audit_amp1p5_edge50_r50,reduced_4p_rx_delayeq_rc_ring,WARN,WARN,PASS,WARN,WARN,voltage_pass_threshold_delay_confidence_low,0.016856564422606357,0.08489103414635102,24.32191792675092,55.84220517133208,02_rx_shape_pass_timing_warn/tx_side/063_WARN_Ch8_30_8F_f3_9c3ef384_audit_amp1p5_edge50_r50_tx.png
02_rx_shape_pass_timing_warn,"RX shape matches HSPICE, but timing is WARN/ambiguous. Useful RX-shape evidence, not timing-certified.",rx,Ch8_30_8F_f3_9c3ef384,audit_amp1p5_edge5_r50,reduced_4p_rx_delayeq_rc_ring,WARN,WARN,PASS,WARN,WARN,voltage_pass_threshold_delay_confidence_low,0.0215526714004491,0.09945196367270395,27.269686590767332,97.3582887195843,02_rx_shape_pass_timing_warn/rx_side/064_WARN_Ch8_30_8F_f3_9c3ef384_audit_amp1p5_edge5_r50_rx.png
02_rx_shape_pass_timing_warn,"RX shape matches HSPICE, but timing is WARN/ambiguous. Useful RX-shape evidence, not timing-certified.",tx,Ch8_30_8F_f3_9c3ef384,audit_amp1p5_edge5_r50,reduced_4p_rx_delayeq_rc_ring,WARN,WARN,PASS,WARN,WARN,voltage_pass_threshold_delay_confidence_low,0.0215526714004491,0.09945196367270395,27.269686590767332,97.3582887195843,02_rx_shape_pass_timing_warn/tx_side/064_WARN_Ch8_30_8F_f3_9c3ef384_audit_amp1p5_edge5_r50_tx.png
02_rx_shape_pass_timing_warn,"RX shape matches HSPICE, but timing is WARN/ambiguous. Useful RX-shape evidence, not timing-certified.",rx,Ch8_30_8F_f7_dca3d683,audit_amp1p5_edge500_r50,reduced_4p_rx_delayeq_rc_ring,WARN,WARN,PASS,WARN,WARN,voltage_pass_threshold_delay_confidence_low,0.014121923828105976,0.04678698905222739,21.827339518971634,47.949360064868245,02_rx_shape_pass_timing_warn/rx_side/065_WARN_Ch8_30_8F_f7_dca3d683_audit_amp1p5_edge500_r50_rx.png
02_rx_shape_pass_timing_warn,"RX shape matches HSPICE, but timing is WARN/ambiguous. Useful RX-shape evidence, not timing-certified.",tx,Ch8_30_8F_f7_dca3d683,audit_amp1p5_edge500_r50,reduced_4p_rx_delayeq_rc_ring,WARN,WARN,PASS,WARN,WARN,voltage_pass_threshold_delay_confidence_low,0.014121923828105976,0.04678698905222739,21.827339518971634,47.949360064868245,02_rx_shape_pass_timing_warn/tx_side/065_WARN_Ch8_30_8F_f7_dca3d683_audit_amp1p5_edge500_r50_tx.png
02_rx_shape_pass_timing_warn,"RX shape matches HSPICE, but timing is WARN/ambiguous. Useful RX-shape evidence, not timing-certified.",rx,Ch8_30_8F_f7_dca3d683,audit_amp1p5_edge50_r50,reduced_4p_rx_delayeq_rc_ring,WARN,WARN,PASS,WARN,WARN,voltage_pass_threshold_delay_confidence_low,0.016856564422606357,0.08489103414635102,24.32191792675092,55.84220517133208,02_rx_shape_pass_timing_warn/rx_side/066_WARN_Ch8_30_8F_f7_dca3d683_audit_amp1p5_edge50_r50_rx.png
02_rx_shape_pass_timing_warn,"RX shape matches HSPICE, but timing is WARN/ambiguous. Useful RX-shape evidence, not timing-certified.",tx,Ch8_30_8F_f7_dca3d683,audit_amp1p5_edge50_r50,reduced_4p_rx_delayeq_rc_ring,WARN,WARN,PASS,WARN,WARN,voltage_pass_threshold_delay_confidence_low,0.016856564422606357,0.08489103414635102,24.32191792675092,55.84220517133208,02_rx_shape_pass_timing_warn/tx_side/066_WARN_Ch8_30_8F_f7_dca3d683_audit_amp1p5_edge50_r50_tx.png
02_rx_shape_pass_timing_warn,"RX shape matches HSPICE, but timing is WARN/ambiguous. Useful RX-shape evidence, not timing-certified.",rx,Ch8_30_8F_f7_dca3d683,audit_amp1p5_edge5_r50,reduced_4p_rx_delayeq_rc_ring,WARN,WARN,PASS,WARN,WARN,voltage_pass_threshold_delay_confidence_low,0.0215526714004491,0.09945196367270395,27.269686590767332,97.3582887195843,02_rx_shape_pass_timing_warn/rx_side/067_WARN_Ch8_30_8F_f7_dca3d683_audit_amp1p5_edge5_r50_rx.png
02_rx_shape_pass_timing_warn,"RX shape matches HSPICE, but timing is WARN/ambiguous. Useful RX-shape evidence, not timing-certified.",tx,Ch8_30_8F_f7_dca3d683,audit_amp1p5_edge5_r50,reduced_4p_rx_delayeq_rc_ring,WARN,WARN,PASS,WARN,WARN,voltage_pass_threshold_delay_confidence_low,0.0215526714004491,0.09945196367270395,27.269686590767332,97.3582887195843,02_rx_shape_pass_timing_warn/tx_side/067_WARN_Ch8_30_8F_f7_dca3d683_audit_amp1p5_edge5_r50_tx.png
02_rx_shape_pass_timing_warn,"RX shape matches HSPICE, but timing is WARN/ambiguous. Useful RX-shape evidence, not timing-certified.",rx,Ch9_33_5F3N_f4_dd88a4a4,audit_amp1p5_edge500_r50,reduced_4p_rx_delayeq_rc_ring,WARN,WARN,PASS,WARN,WARN,voltage_pass_threshold_delay_confidence_low,0.02120896812860156,0.06371736245414199,26.42964309714586,59.144400536249336,02_rx_shape_pass_timing_warn/rx_side/068_WARN_Ch9_33_5F3N_f4_dd88a4a4_audit_amp1p5_edge500_r50_rx.png
02_rx_shape_pass_timing_warn,"RX shape matches HSPICE, but timing is WARN/ambiguous. Useful RX-shape evidence, not timing-certified.",tx,Ch9_33_5F3N_f4_dd88a4a4,audit_amp1p5_edge500_r50,reduced_4p_rx_delayeq_rc_ring,WARN,WARN,PASS,WARN,WARN,voltage_pass_threshold_delay_confidence_low,0.02120896812860156,0.06371736245414199,26.42964309714586,59.144400536249336,02_rx_shape_pass_timing_warn/tx_side/068_WARN_Ch9_33_5F3N_f4_dd88a4a4_audit_amp1p5_edge500_r50_tx.png
02_rx_shape_pass_timing_warn,"RX shape matches HSPICE, but timing is WARN/ambiguous. Useful RX-shape evidence, not timing-certified.",rx,Ch9_33_5F3N_f4_dd88a4a4,audit_amp1p5_edge50_r50,reduced_4p_rx_delayeq_rc_ring,WARN,WARN,PASS,WARN,WARN,voltage_pass_threshold_delay_confidence_low,0.022161654008153023,0.06409164336343233,28.28797259880605,69.92764088547854,02_rx_shape_pass_timing_warn/rx_side/069_WARN_Ch9_33_5F3N_f4_dd88a4a4_audit_amp1p5_edge50_r50_rx.png
02_rx_shape_pass_timing_warn,"RX shape matches HSPICE, but timing is WARN/ambiguous. Useful RX-shape evidence, not timing-certified.",tx,Ch9_33_5F3N_f4_dd88a4a4,audit_amp1p5_edge50_r50,reduced_4p_rx_delayeq_rc_ring,WARN,WARN,PASS,WARN,WARN,voltage_pass_threshold_delay_confidence_low,0.022161654008153023,0.06409164336343233,28.28797259880605,69.92764088547854,02_rx_shape_pass_timing_warn/tx_side/069_WARN_Ch9_33_5F3N_f4_dd88a4a4_audit_amp1p5_edge50_r50_tx.png
02_rx_shape_pass_timing_warn,"RX shape matches HSPICE, but timing is WARN/ambiguous. Useful RX-shape evidence, not timing-certified.",rx,Ch9_33_5F3N_f4_dd88a4a4,audit_amp1p5_edge5_r50,reduced_4p_rx_delayeq_rc_ring,WARN,WARN,PASS,WARN,WARN,voltage_pass_threshold_delay_confidence_low,0.0219548329286381,0.06410303589575324,29.97261959873511,93.57890328606456,02_rx_shape_pass_timing_warn/rx_side/070_WARN_Ch9_33_5F3N_f4_dd88a4a4_audit_amp1p5_edge5_r50_rx.png
02_rx_shape_pass_timing_warn,"RX shape matches HSPICE, but timing is WARN/ambiguous. Useful RX-shape evidence, not timing-certified.",tx,Ch9_33_5F3N_f4_dd88a4a4,audit_amp1p5_edge5_r50,reduced_4p_rx_delayeq_rc_ring,WARN,WARN,PASS,WARN,WARN,voltage_pass_threshold_delay_confidence_low,0.0219548329286381,0.06410303589575324,29.97261959873511,93.57890328606456,02_rx_shape_pass_timing_warn/tx_side/070_WARN_Ch9_33_5F3N_f4_dd88a4a4_audit_amp1p5_edge5_r50_tx.png
02_rx_shape_pass_timing_warn,"RX shape matches HSPICE, but timing is WARN/ambiguous. Useful RX-shape evidence, not timing-certified.",rx,Ch9_33_8F_f4_a831b05b,audit_amp1p5_edge500_r50,reduced_4p_rx_delayeq_rc_ring,WARN,WARN,PASS,WARN,WARN,voltage_pass_threshold_delay_confidence_low,0.02120896812860156,0.06371736245414199,26.42964309714586,59.144400536249336,02_rx_shape_pass_timing_warn/rx_side/071_WARN_Ch9_33_8F_f4_a831b05b_audit_amp1p5_edge500_r50_rx.png
02_rx_shape_pass_timing_warn,"RX shape matches HSPICE, but timing is WARN/ambiguous. Useful RX-shape evidence, not timing-certified.",tx,Ch9_33_8F_f4_a831b05b,audit_amp1p5_edge500_r50,reduced_4p_rx_delayeq_rc_ring,WARN,WARN,PASS,WARN,WARN,voltage_pass_threshold_delay_confidence_low,0.02120896812860156,0.06371736245414199,26.42964309714586,59.144400536249336,02_rx_shape_pass_timing_warn/tx_side/071_WARN_Ch9_33_8F_f4_a831b05b_audit_amp1p5_edge500_r50_tx.png
02_rx_shape_pass_timing_warn,"RX shape matches HSPICE, but timing is WARN/ambiguous. Useful RX-shape evidence, not timing-certified.",rx,Ch9_33_8F_f4_a831b05b,audit_amp1p5_edge50_r50,reduced_4p_rx_delayeq_rc_ring,WARN,WARN,PASS,WARN,WARN,voltage_pass_threshold_delay_confidence_low,0.022161654008153023,0.06409164336343233,28.28797259880605,69.92764088547854,02_rx_shape_pass_timing_warn/rx_side/072_WARN_Ch9_33_8F_f4_a831b05b_audit_amp1p5_edge50_r50_rx.png
02_rx_shape_pass_timing_warn,"RX shape matches HSPICE, but timing is WARN/ambiguous. Useful RX-shape evidence, not timing-certified.",tx,Ch9_33_8F_f4_a831b05b,audit_amp1p5_edge50_r50,reduced_4p_rx_delayeq_rc_ring,WARN,WARN,PASS,WARN,WARN,voltage_pass_threshold_delay_confidence_low,0.022161654008153023,0.06409164336343233,28.28797259880605,69.92764088547854,02_rx_shape_pass_timing_warn/tx_side/072_WARN_Ch9_33_8F_f4_a831b05b_audit_amp1p5_edge50_r50_tx.png
02_rx_shape_pass_timing_warn,"RX shape matches HSPICE, but timing is WARN/ambiguous. Useful RX-shape evidence, not timing-certified.",rx,Ch9_33_8F_f4_a831b05b,audit_amp1p5_edge5_r50,reduced_4p_rx_delayeq_rc_ring,WARN,WARN,PASS,WARN,WARN,voltage_pass_threshold_delay_confidence_low,0.0219548329286381,0.06410303589575324,29.97261959873511,93.57890328606456,02_rx_shape_pass_timing_warn/rx_side/073_WARN_Ch9_33_8F_f4_a831b05b_audit_amp1p5_edge5_r50_rx.png
02_rx_shape_pass_timing_warn,"RX shape matches HSPICE, but timing is WARN/ambiguous. Useful RX-shape evidence, not timing-certified.",tx,Ch9_33_8F_f4_a831b05b,audit_amp1p5_edge5_r50,reduced_4p_rx_delayeq_rc_ring,WARN,WARN,PASS,WARN,WARN,voltage_pass_threshold_delay_confidence_low,0.0219548329286381,0.06410303589575324,29.97261959873511,93.57890328606456,02_rx_shape_pass_timing_warn/tx_side/073_WARN_Ch9_33_8F_f4_a831b05b_audit_amp1p5_edge5_r50_tx.png
02_rx_shape_pass_timing_warn,"RX shape matches HSPICE, but timing is WARN/ambiguous. Useful RX-shape evidence, not timing-certified.",rx,RS_ZNB8_23e14c3f,audit_amp1p5_edge500_r50,reduced_4p_rx_dominant_delay_rc,WARN,WARN,PASS,WARN,FAIL,tx_active_rmse,0.011336269086736381,0.024635708200004366,350.6211598308811,715.801721326928,02_rx_shape_pass_timing_warn/rx_side/074_FAIL_RS_ZNB8_23e14c3f_audit_amp1p5_edge500_r50_rx.png
02_rx_shape_pass_timing_warn,"RX shape matches HSPICE, but timing is WARN/ambiguous. Useful RX-shape evidence, not timing-certified.",tx,RS_ZNB8_23e14c3f,audit_amp1p5_edge500_r50,reduced_4p_rx_dominant_delay_rc,WARN,WARN,PASS,WARN,FAIL,tx_active_rmse,0.011336269086736381,0.024635708200004366,350.6211598308811,715.801721326928,02_rx_shape_pass_timing_warn/tx_side/074_FAIL_RS_ZNB8_23e14c3f_audit_amp1p5_edge500_r50_tx.png
02_rx_shape_pass_timing_warn,"RX shape matches HSPICE, but timing is WARN/ambiguous. Useful RX-shape evidence, not timing-certified.",rx,RS_ZNB8_23e14c3f,audit_amp1p5_edge50_r50,reduced_4p_rx_dominant_delay_rc,WARN,WARN,PASS,WARN,FAIL,tx_active_rmse,0.011362553702216588,0.024666258298602934,357.99489543454195,716.449780452414,02_rx_shape_pass_timing_warn/rx_side/075_FAIL_RS_ZNB8_23e14c3f_audit_amp1p5_edge50_r50_rx.png
02_rx_shape_pass_timing_warn,"RX shape matches HSPICE, but timing is WARN/ambiguous. Useful RX-shape evidence, not timing-certified.",tx,RS_ZNB8_23e14c3f,audit_amp1p5_edge50_r50,reduced_4p_rx_dominant_delay_rc,WARN,WARN,PASS,WARN,FAIL,tx_active_rmse,0.011362553702216588,0.024666258298602934,357.99489543454195,716.449780452414,02_rx_shape_pass_timing_warn/tx_side/075_FAIL_RS_ZNB8_23e14c3f_audit_amp1p5_edge50_r50_tx.png
02_rx_shape_pass_timing_warn,"RX shape matches HSPICE, but timing is WARN/ambiguous. Useful RX-shape evidence, not timing-certified.",rx,RS_ZNB8_23e14c3f,audit_amp1p5_edge5_r50,reduced_4p_rx_dominant_delay_rc,WARN,WARN,PASS,WARN,FAIL,tx_active_rmse,0.011409955606017179,0.02467741872490179,357.1237815824789,717.33122518712,02_rx_shape_pass_timing_warn/rx_side/076_FAIL_RS_ZNB8_23e14c3f_audit_amp1p5_edge5_r50_rx.png
02_rx_shape_pass_timing_warn,"RX shape matches HSPICE, but timing is WARN/ambiguous. Useful RX-shape evidence, not timing-certified.",tx,RS_ZNB8_23e14c3f,audit_amp1p5_edge5_r50,reduced_4p_rx_dominant_delay_rc,WARN,WARN,PASS,WARN,FAIL,tx_active_rmse,0.011409955606017179,0.02467741872490179,357.1237815824789,717.33122518712,02_rx_shape_pass_timing_warn/tx_side/076_FAIL_RS_ZNB8_23e14c3f_audit_amp1p5_edge5_r50_tx.png
04_rx_shape_fail,RX voltage-shape mismatch against HSPICE.,rx,Clarity_example_acf20e4a,audit_amp1p5_edge50_r50,full_vector_fit,WARN,PASS,FAIL,PASS,FAIL,rx_active_rmse;rx_active_maxabs,23.348112314136973,98.33911188892542,6.649356387560489,20.53560172787031,04_rx_shape_fail/rx_side/077_FAIL_Clarity_example_acf20e4a_audit_amp1p5_edge50_r50_rx.png
04_rx_shape_fail,RX voltage-shape mismatch against HSPICE.,tx,Clarity_example_acf20e4a,audit_amp1p5_edge50_r50,full_vector_fit,WARN,PASS,FAIL,PASS,FAIL,rx_active_rmse;rx_active_maxabs,23.348112314136973,98.33911188892542,6.649356387560489,20.53560172787031,04_rx_shape_fail/tx_side/077_FAIL_Clarity_example_acf20e4a_audit_amp1p5_edge50_r50_tx.png
04_rx_shape_fail,RX voltage-shape mismatch against HSPICE.,rx,Clarity_example_acf20e4a,audit_amp1p5_edge5_r50,full_vector_fit,WARN,PASS,FAIL,WARN,FAIL,rx_active_rmse;rx_active_maxabs,47.151277109633575,196.66711928883484,8.17599378505233,41.288003164331805,04_rx_shape_fail/rx_side/078_FAIL_Clarity_example_acf20e4a_audit_amp1p5_edge5_r50_rx.png
04_rx_shape_fail,RX voltage-shape mismatch against HSPICE.,tx,Clarity_example_acf20e4a,audit_amp1p5_edge5_r50,full_vector_fit,WARN,PASS,FAIL,WARN,FAIL,rx_active_rmse;rx_active_maxabs,47.151277109633575,196.66711928883484,8.17599378505233,41.288003164331805,04_rx_shape_fail/tx_side/078_FAIL_Clarity_example_acf20e4a_audit_amp1p5_edge5_r50_tx.png
04_rx_shape_fail,RX voltage-shape mismatch against HSPICE.,rx,ntwk2_24638a5f,audit_amp1p5_edge5_r50,full_vector_fit,WARN,PASS,FAIL,WARN,FAIL,rx_active_maxabs,3.8408580639344625,93.58084749970065,5.353896265076979,102.1953545340012,04_rx_shape_fail/rx_side/079_FAIL_ntwk2_24638a5f_audit_amp1p5_edge5_r50_rx.png
04_rx_shape_fail,RX voltage-shape mismatch against HSPICE.,tx,ntwk2_24638a5f,audit_amp1p5_edge5_r50,full_vector_fit,WARN,PASS,FAIL,WARN,FAIL,rx_active_maxabs,3.8408580639344625,93.58084749970065,5.353896265076979,102.1953545340012,04_rx_shape_fail/tx_side/079_FAIL_ntwk2_24638a5f_audit_amp1p5_edge5_r50_tx.png
04_rx_shape_fail,RX voltage-shape mismatch against HSPICE.,rx,ntwk2_e1c16499,audit_amp1p5_edge5_r50,full_vector_fit,WARN,PASS,FAIL,WARN,FAIL,rx_active_maxabs,3.8408580639344625,93.58084749970065,5.353896265076979,102.1953545340012,04_rx_shape_fail/rx_side/080_FAIL_ntwk2_e1c16499_audit_amp1p5_edge5_r50_rx.png
04_rx_shape_fail,RX voltage-shape mismatch against HSPICE.,tx,ntwk2_e1c16499,audit_amp1p5_edge5_r50,full_vector_fit,WARN,PASS,FAIL,WARN,FAIL,rx_active_maxabs,3.8408580639344625,93.58084749970065,5.353896265076979,102.1953545340012,04_rx_shape_fail/tx_side/080_FAIL_ntwk2_e1c16499_audit_amp1p5_edge5_r50_tx.png
