case_id,description,pattern,pulse_width_ns,variant,variant_label,edge_ns,r_load_ohm,c_load_pf,hspice_deck,ngspice_deck,ngspice_raw,pad_active_rmse_v,pad_active_max_v,ku_active_rmse,ku_active_max,kd_active_rmse,kd_active_max,hspice_ku_peak,ku_peak,hspice_kd_min,kd_min,ku_min,kd_max,coeff_range_ok,ku_jump_at_retrigger,kd_jump_at_retrigger,overlap_energy_ns,hspice_kd_recovery_ns,kd_recovery_ns,kd_recovery_delta_ns,status,kutarget_min,kutarget_max,kdtarget_min,kdtarget_max,kuleg_min,kuleg_max,kdleg_min,kdleg_max,hinterrupt_min,hinterrupt_max,hshort_min,hshort_max,highage_min,highage_max,lowage_min,lowage_max,gup_min,gup_max,gdn_min,gdn_max,kugate_min,kugate_max,kdgate_min,kdgate_max,ku_on_min,ku_on_max,ku_off_min,ku_off_max,kd_off_min,kd_off_max,kd_on_min,kd_on_max,kudir_min,kudir_max,kddir_min,kddir_max,hfall_after_rise_min,hfall_after_rise_max,hrise_after_fall_min,hrise_after_fall_max,hdiractive_min,hdiractive_max,halign_min,halign_max,haligned_min,haligned_max,koverlap_min,koverlap_max,pad_peak_v,pad_min_v,hspice_pad_peak_v,hspice_pad_min_v,pad_worst_error_time_ns,ku_worst_error_time_ns,kd_worst_error_time_ns,kusamp_min,kusamp_max,kdsamp_min,kdsamp_max,tr_ku_min,tr_ku_max,tr_kd_min,tr_kd_max,tf_ku_min,tf_ku_max,tf_kd_min,tf_kd_max,tr_start_min,tr_start_max,tf_start_min,tf_start_max,vmstart_min,vmstart_max,vmarg_min,vmarg_max,match_err_ku_min,match_err_ku_max,match_err_kd_min,match_err_kd_max,start_disagree_min,start_disagree_max,match_ambiguous_min,match_ambiguous_max,hvmatch_min,hvmatch_max,kumatch_min,kumatch_max,kdmatch_min,kdmatch_max,qpu_min,qpu_max,qpd_min,qpd_max,kuchg_min,kuchg_max,kdchg_min,kdchg_max,error,match_ambiguous_active_start_ns,match_ambiguous_active_end_ns,match_ambiguous_active_count,hvmatch_active_start_ns,hvmatch_active_end_ns,hvmatch_active_count
edge_1ps_base_50r_2pf,"Baseline 1 ps rise/fall, 50 ohm + 2 pF",rise_fall,,legacy,legacy pybis,0.001,50.0,2.0,results\io_buf_value_matched_replay_2026-06-23\cases\edge_1ps_base_50r_2pf\hspice_native_ibis\edge_1ps_base_50r_2pf_hspice_native_ibis.sp,results\io_buf_value_matched_replay_2026-06-23\cases\edge_1ps_base_50r_2pf\ngspice_legacy\edge_1ps_base_50r_2pf_ngspice_legacy.sp,results\io_buf_value_matched_replay_2026-06-23\cases\edge_1ps_base_50r_2pf\ngspice_legacy\edge_1ps_base_50r_2pf_ngspice_legacy.raw,0.005289179270369432,0.016780177326762624,0.0043424415275439545,0.022940438186631718,0.005607643494728418,0.022891673482503094,1.012943,1.011993411977149,-0.07177395,-0.07176545831892066,-0.02221839669661043,1.006158578486266,True,0.0060293059591601805,0.0015599621388583526,0.08805064370584732,nan,nan,,GOOD,,,,,,,,,,,,,,,,,,,,,,,,,,,,,,,,,,,,,,,,,,,,,,,,,1.5568559365875232,-0.011048494844779662,1.55356,-0.01111205,15.985959999999999,15.66074,6.598509,,,,,,,,,,,,,,,,,,,,,,,,,,,,,,,,,,,,,,,,,,,,,,,,,
edge_1ps_base_50r_2pf,"Baseline 1 ps rise/fall, 50 ohm + 2 pF",rise_fall,,gate_hybrid,GateStateHybrid,0.001,50.0,2.0,results\io_buf_value_matched_replay_2026-06-23\cases\edge_1ps_base_50r_2pf\hspice_native_ibis\edge_1ps_base_50r_2pf_hspice_native_ibis.sp,results\io_buf_value_matched_replay_2026-06-23\cases\edge_1ps_base_50r_2pf\ngspice_gate_hybrid\edge_1ps_base_50r_2pf_ngspice_gate_hybrid.sp,results\io_buf_value_matched_replay_2026-06-23\cases\edge_1ps_base_50r_2pf\ngspice_gate_hybrid\edge_1ps_base_50r_2pf_ngspice_gate_hybrid.raw,0.00919367677954168,0.029303595486185996,0.006838470045130951,0.027162004623553004,0.010224374957060044,0.03618890720620743,1.012943,1.0100286494456414,-0.07177395,-0.07185893493012933,-0.021285195786803855,1.0051342159228025,True,0.0023007369318532866,0.0011836042209355396,0.08819447766148272,nan,nan,,WARN,-0.02221839669661066,1.0125373100080912,-0.07176545831892191,1.006158578486266,-0.02221839669661066,1.0125373100080912,-0.07176545831892191,1.006158578486266,,,,,,,,,,,,,,,,,,,,,,,,,,,,,,,,,,,,,,,,,1.5571938001714376,-0.010888109305713387,1.55356,-0.01111205,15.985959999999999,15.66074,6.661178,,,,,,,,,,,,,,,,,,,,,,,,,,,,,,,,,,,,,,,,,,,,,,,,,
edge_1ps_base_50r_2pf,"Baseline 1 ps rise/fall, 50 ohm + 2 pF",rise_fall,,charge_hybrid,ChargeLimitedGateHybrid,0.001,50.0,2.0,results\io_buf_value_matched_replay_2026-06-23\cases\edge_1ps_base_50r_2pf\hspice_native_ibis\edge_1ps_base_50r_2pf_hspice_native_ibis.sp,results\io_buf_value_matched_replay_2026-06-23\cases\edge_1ps_base_50r_2pf\ngspice_charge_hybrid\edge_1ps_base_50r_2pf_ngspice_charge_hybrid.sp,results\io_buf_value_matched_replay_2026-06-23\cases\edge_1ps_base_50r_2pf\ngspice_charge_hybrid\edge_1ps_base_50r_2pf_ngspice_charge_hybrid.raw,0.009358144184347853,0.029075186520099994,0.006964505346596142,0.027135358461869763,0.010617927526833666,0.03993551804750817,1.012943,1.0100301672689105,-0.07177395,-0.07185857356951716,-0.021243878451317883,1.0051290586211226,True,0.0023039660454464705,0.001184684280428826,0.08827859677270436,nan,nan,,WARN,-0.022218450775737492,1.012537282807794,-0.07176545831892199,1.0061585784862657,-0.022218450775737492,1.012537282807794,-0.07176545831892199,1.0061585784862657,,,,,,,,,,,,,,,,,,,,,,,,,,,,,0.0,0.0,0.0,1.0,,,,,,,,,1.5569762579405875,-0.01086709495656609,1.55356,-0.01111205,15.985959999999999,15.66074,6.661178,,,,,,,,,,,,,,,,,,,,,,,,,,,,,,,,,,,0.0,0.9999183917710736,0.004159382056055696,0.9999999999999992,0.001940593158962918,0.9957681097325622,0.003616365149954807,0.9986107960552464,,,,,,,
edge_1ps_base_50r_2pf,"Baseline 1 ps rise/fall, 50 ohm + 2 pF",rise_fall,,vm_hybrid,ValueMatchedReplayHybrid,,,,results\io_buf_value_matched_replay_2026-06-23\cases\edge_1ps_base_50r_2pf\hspice_native_ibis\edge_1ps_base_50r_2pf_hspice_native_ibis.sp,,,,,,,,,,,,,,,,,,,,,,failed,,,,,,,,,,,,,,,,,,,,,,,,,,,,,,,,,,,,,,,,,,,,,,,,,,,,,,,,,,,,,,,,,,,,,,,,,,,,,,,,,,,,,,,,,,,,,,,,,,ngspice vm_hybrid return code -999,,,,,,
edge_1ps_base_50r_2pf,"Baseline 1 ps rise/fall, 50 ohm + 2 pF",rise_fall,,vm_full,ValueMatchedReplayFull diagnostic,,,,results\io_buf_value_matched_replay_2026-06-23\cases\edge_1ps_base_50r_2pf\hspice_native_ibis\edge_1ps_base_50r_2pf_hspice_native_ibis.sp,,,,,,,,,,,,,,,,,,,,,,failed,,,,,,,,,,,,,,,,,,,,,,,,,,,,,,,,,,,,,,,,,,,,,,,,,,,,,,,,,,,,,,,,,,,,,,,,,,,,,,,,,,,,,,,,,,,,,,,,,,ngspice vm_full return code -999,,,,,,
edge_1ps_base_50r_2pf,"Baseline 1 ps rise/fall, 50 ohm + 2 pF",rise_fall,,vm_ku,ValueMatchedReplayKuOnly diagnostic,0.001,50.0,2.0,results\io_buf_value_matched_replay_2026-06-23\cases\edge_1ps_base_50r_2pf\hspice_native_ibis\edge_1ps_base_50r_2pf_hspice_native_ibis.sp,results\io_buf_value_matched_replay_2026-06-23\cases\edge_1ps_base_50r_2pf\ngspice_vm_ku\edge_1ps_base_50r_2pf_ngspice_vm_ku.sp,results\io_buf_value_matched_replay_2026-06-23\cases\edge_1ps_base_50r_2pf\ngspice_vm_ku\edge_1ps_base_50r_2pf_ngspice_vm_ku.raw,0.021393178909749625,0.07492679613127523,0.0175757557842696,0.13850007282194376,0.030343664376785536,0.24521349827365319,1.012943,1.010792715751586,-0.07177395,-0.07177137727947389,-0.022036047588553632,1.0051595707169056,True,0.0032369394324489598,0.0015610491777478352,0.08933259926945952,nan,nan,,CHECK,-0.022216310606104395,1.0125353369400496,-0.07182732996128875,1.0056686854866221,-0.022216310606104395,1.0125353369400496,-0.07182732996128875,1.0056686854866221,,,,,,,,,,,,,,,,,,,,,,,,,,,,,0.0,0.0,0.0,0.0,,,,,,,,,1.556263868393977,-0.010145909913294594,1.55356,-0.01111205,7.172998,7.150294,6.661178,0.0,0.6353578491511217,0.36442808111411873,0.9999999999990012,0.05204065645730056,2.5995375824483498,1.1115784005592275,1.682327925968271,0.6813620085107304,2.63691916146811,2.644943391691724,3.578939063513708,0.05204065645730056,2.5995375824483498,0.6813620085107304,2.63691916146811,0.6965921750822549,1.703965929446963,0.7065921750893955,10.801275987946012,5.625782386980711e-05,0.993836573934458,0.00020684009038451098,0.9991157389575819,0.3565783975488601,1.963581383181006,0.0,1.0,0.0,0.008599409248770737,-0.021796545901481414,0.993836573934458,-0.07263674488806558,1.004708011424144,,,,,,,,,,5.0,17.98442,297,nan,nan,0
edge_1ps_base_50r_2pf,"Baseline 1 ps rise/fall, 50 ohm + 2 pF",rise_fall,,vm_kd,ValueMatchedReplayKdOnly diagnostic,0.001,50.0,2.0,results\io_buf_value_matched_replay_2026-06-23\cases\edge_1ps_base_50r_2pf\hspice_native_ibis\edge_1ps_base_50r_2pf_hspice_native_ibis.sp,results\io_buf_value_matched_replay_2026-06-23\cases\edge_1ps_base_50r_2pf\ngspice_vm_kd\edge_1ps_base_50r_2pf_ngspice_vm_kd.sp,results\io_buf_value_matched_replay_2026-06-23\cases\edge_1ps_base_50r_2pf\ngspice_vm_kd\edge_1ps_base_50r_2pf_ngspice_vm_kd.raw,0.02323131449462715,0.08260484556431485,0.018795657544006524,0.14705329274716183,0.03437153496210403,0.2771964954492851,1.012943,1.010920557699727,-0.07177395,-0.07174803733270373,-0.021993606726114136,1.0048993803599477,True,0.0032365855966195456,0.001560976303570245,0.08940974554125686,nan,nan,,CHECK,-0.022208352495448613,1.0125282432506368,-0.07182027055213545,1.0051391744835558,-0.022208352495448613,1.0125282432506368,-0.07182027055213545,1.0051391744835558,,,,,,,,,,,,,,,,,,,,,,,,,,,,,0.0,0.0,0.0,0.0,,,,,,,,,1.5560121037859438,-0.00994470765049818,1.55356,-0.01111205,7.172998,7.150294,6.661178,0.0,0.6289420181530736,0.37084029369195776,0.9999999999990016,0.0866536351335813,2.5857516925471464,1.111578400559218,1.679363530402149,0.684790914206448,2.595724980130478,2.648291692265793,3.578939063513722,1.111578400559218,1.679363530402149,2.648291692265793,3.578939063513722,1.995389144414295,3.570013831473235,2.0053891444298966,12.262706746886199,0.001585981407350182,0.993836573934458,0.001784583873234546,0.9991157389575824,0.3933674070450429,1.963500778059345,0.23925394940410147,1.0,0.0,0.005492060451392975,-2.891003884633402e-07,0.993836573934458,0.0008842610414191893,1.0043584617181964,,,,,,,,,,5.0,17.98442,299,nan,nan,0
short_pulse_500ps_high,"500 ps high pulse with 1 ps edges, 50 ohm + 2 pF",short_high,0.5,legacy,legacy pybis,0.001,50.0,2.0,results\io_buf_value_matched_replay_2026-06-23\cases\short_pulse_500ps_high\hspice_native_ibis\short_pulse_500ps_high_hspice_native_ibis.sp,results\io_buf_value_matched_replay_2026-06-23\cases\short_pulse_500ps_high\ngspice_legacy\short_pulse_500ps_high_ngspice_legacy.sp,results\io_buf_value_matched_replay_2026-06-23\cases\short_pulse_500ps_high\ngspice_legacy\short_pulse_500ps_high_ngspice_legacy.raw,0.6788631624717939,1.5192086380314573,0.5024469167360023,1.0185615044000251,0.5784688091362512,1.0164322415926907,0.04662606,1.0125315794000251,-0.02253873,-0.07171960195953175,-0.017108301170248117,1.003843260562286,True,1.0026008503484238,1.0018020725598422,0.011619972980936467,0.00010600000000060561,2.928784000000001,2.9286780000000006,CHECK,,,,,,,,,,,,,,,,,,,,,,,,,,,,,,,,,,,,,,,,,,,,,,,,,1.5153987310314574,-0.001279521884274878,0.04775305,-0.01137848,5.956108,5.691931,5.871482,,,,,,,,,,,,,,,,,,,,,,,,,,,,,,,,,,,,,,,,,,,,,,,,,
short_pulse_500ps_high,"500 ps high pulse with 1 ps edges, 50 ohm + 2 pF",short_high,0.5,gate_hybrid,GateStateHybrid,0.001,50.0,2.0,results\io_buf_value_matched_replay_2026-06-23\cases\short_pulse_500ps_high\hspice_native_ibis\short_pulse_500ps_high_hspice_native_ibis.sp,results\io_buf_value_matched_replay_2026-06-23\cases\short_pulse_500ps_high\ngspice_gate_hybrid\short_pulse_500ps_high_ngspice_gate_hybrid.sp,results\io_buf_value_matched_replay_2026-06-23\cases\short_pulse_500ps_high\ngspice_gate_hybrid\short_pulse_500ps_high_ngspice_gate_hybrid.raw,0.011746015171110943,0.02914183546390488,0.013814568733178604,0.03170205724482536,0.6266791489941532,1.021149526050248,0.04662606,0.019496800226019385,-0.02253873,0.0035526988734245145,-0.0025700123138017237,1.0033827143931138,True,0.0009580935548565762,0.0012067188383442229,0.0032099962743981935,0.00010600000000060561,0.00010600000000060561,0.0,CHECK,-0.002589719036645975,0.01952043721386682,0.0035306421217983592,1.0037855066949688,-0.01711842455320897,1.0125372757221034,-0.07171826869847513,1.0037855066949688,,,,,,,,,,,,,,,,,,,,,,,,,,,,,,,,,,,,,,,,,0.032884551988769925,-0.0012502355126055558,0.04775305,-0.01137848,8.029284,7.341558999999999,5.872482,,,,,,,,,,,,,,,,,,,,,,,,,,,,,,,,,,,,,,,,,,,,,,,,,
short_pulse_500ps_high,"500 ps high pulse with 1 ps edges, 50 ohm + 2 pF",short_high,0.5,charge_hybrid,ChargeLimitedGateHybrid,0.001,50.0,2.0,results\io_buf_value_matched_replay_2026-06-23\cases\short_pulse_500ps_high\hspice_native_ibis\short_pulse_500ps_high_hspice_native_ibis.sp,results\io_buf_value_matched_replay_2026-06-23\cases\short_pulse_500ps_high\ngspice_charge_hybrid\short_pulse_500ps_high_ngspice_charge_hybrid.sp,results\io_buf_value_matched_replay_2026-06-23\cases\short_pulse_500ps_high\ngspice_charge_hybrid\short_pulse_500ps_high_ngspice_charge_hybrid.raw,0.015161034871685448,0.038823315642638724,0.018009797020373412,0.04058719494217523,0.6247412171519897,1.0211495260502497,0.04662606,0.015211771512520284,-0.02253873,0.00214479292350789,-0.002565510855259148,1.0033737015954398,True,0.0016679984935635552,0.0012064315072961573,0.005624216741282589,0.00010600000000060561,0.00010600000000060561,0.0,CHECK,-0.002589719036645975,0.008531094924674172,0.0021226874497627893,1.0037845467132598,-0.017118390415855642,1.0125372734141205,-0.07171827319440341,1.0037845467132598,,,,,,,,,,,,,,,,,,,,,,,,,,,,,0.0,1.0,0.0,0.0,,,,,,,,,0.013279840690938807,-0.0012415732170325405,0.04775305,-0.01137848,7.273001000000001,7.341558999999999,5.872482,,,,,,,,,,,,,,,,,,,,,,,,,,,,,,,,,,,0.0,0.0029074571985809147,0.001694597961081434,0.9999999999999992,0.001940593158962918,0.008531094924674172,0.0021226874497627893,0.9986107960552464,,,,,,,
short_pulse_500ps_high,"500 ps high pulse with 1 ps edges, 50 ohm + 2 pF",short_high,0.5,vm_hybrid,ValueMatchedReplayHybrid,0.001,50.0,2.0,results\io_buf_value_matched_replay_2026-06-23\cases\short_pulse_500ps_high\hspice_native_ibis\short_pulse_500ps_high_hspice_native_ibis.sp,results\io_buf_value_matched_replay_2026-06-23\cases\short_pulse_500ps_high\ngspice_vm_hybrid\short_pulse_500ps_high_ngspice_vm_hybrid.sp,results\io_buf_value_matched_replay_2026-06-23\cases\short_pulse_500ps_high\ngspice_vm_hybrid\short_pulse_500ps_high_ngspice_vm_hybrid.raw,0.6787055109265047,1.5189425780202923,0.4595133802742391,1.0181199875318394,0.5416699320971463,1.0156036310800438,0.04662606,1.01139952698624,-0.02253873,-0.07180680928039708,-0.016384012872112472,1.0039471438133871,True,0.31714589760479117,0.3169055124561838,0.012208897851300637,0.00010600000000060561,0.00010600000000060561,0.0,CHECK,-0.01711813022941118,1.012537321356546,-0.07171830957784203,1.003789832357011,-0.01711813022941118,1.012537321356546,-0.07171830957784203,1.003789832357011,,,,,,,,,,,,,,,,,,,,,,,,,,,,,0.0,1.0,0.0,0.0,,,,,,,,,1.5151326710202924,-0.0012745204013148894,0.04775305,-0.01137848,5.956108,5.725264,5.871482,0.0,0.5914625483645725,0.40850641438827107,0.9999999999990034,0.1329104413718812,2.485659329264946,1.1115784005591622,1.663249147494219,0.7065175812364841,2.5567329980507227,2.665089642024348,3.5789390635137868,0.6229305958852991,2.0744542383795825,1.685803611630416,2.79890366523971,1.356953720621303,2.6369898804617873,1.3669539334539178,7.526811541694977,0.000449083240193654,0.993836573934458,0.019433610811912784,0.9991157389575819,0.4301035422423535,1.958572060787977,0.10042637046923927,1.0,0.0,0.24598330459289625,6.546021209111526e-05,0.993836573934458,-0.01982966535883933,1.0045182555835586,,,,,,,,,,4.86361,8.495951,182,nan,nan,0
short_pulse_500ps_high,"500 ps high pulse with 1 ps edges, 50 ohm + 2 pF",short_high,0.5,vm_full,ValueMatchedReplayFull diagnostic,0.001,50.0,2.0,results\io_buf_value_matched_replay_2026-06-23\cases\short_pulse_500ps_high\hspice_native_ibis\short_pulse_500ps_high_hspice_native_ibis.sp,results\io_buf_value_matched_replay_2026-06-23\cases\short_pulse_500ps_high\ngspice_vm_full\short_pulse_500ps_high_ngspice_vm_full.sp,results\io_buf_value_matched_replay_2026-06-23\cases\short_pulse_500ps_high\ngspice_vm_full\short_pulse_500ps_high_ngspice_vm_full.raw,0.47045351661768753,1.2851852963980515,0.31413899643570165,0.9864372503150834,0.701830614066251,1.0281626109595985,0.04662606,0.9912393863150835,-0.02253873,-0.028162610959598537,-0.0026991391268573737,1.0044010911136863,True,0.26157636838957143,0.39652623131587517,0.02110942202099252,0.00010600000000060561,0.002899000000000207,0.0027929999999996014,CHECK,-0.0026991391262937985,0.9938365739314764,-0.028162610959990363,1.0044021626772257,-0.01712683472419384,1.01253686910255,-0.07171716110202228,1.0037854307769645,,,,,,,,,,,,,,,,,,,,,,,,,,,,,0.0,0.9999999999989999,0.0,0.9999999999989999,,,,,,,,,1.2838734943980514,-0.0052190411686268545,0.04775305,-0.01137848,5.500606,5.005911,5.000342,-0.002692410705180859,0.5910453148291133,-0.025607264122842702,0.4025179399747813,0.24913978664205622,2.484446447379777,1.6657444135199606,5.345299999994656,0.7067032589482536,2.143059702572442,0.8334674335668123,2.662416357064146,1.8302471663618618,3.914873223683301,0.896773659784483,1.7575419609335394,1.181118138605766,2.7644332630708797,1.1811181386045841,7.171739137090295,6.728343683045393e-06,0.995773889810837,0.002564054863727895,1.0050307092763258,0.566467682165839,5.096160213347503,0.9999999999989999,0.9999999999989999,0.9999999999989999,0.9999999999989999,-0.0026991391262964994,0.9938365739324703,-0.028162610960018507,1.0044021626782302,,,,,,,,,,4.86361,8.495951,183,4.86361,8.495951,183
short_pulse_500ps_high,"500 ps high pulse with 1 ps edges, 50 ohm + 2 pF",short_high,0.5,vm_ku,ValueMatchedReplayKuOnly diagnostic,0.001,50.0,2.0,results\io_buf_value_matched_replay_2026-06-23\cases\short_pulse_500ps_high\hspice_native_ibis\short_pulse_500ps_high_hspice_native_ibis.sp,results\io_buf_value_matched_replay_2026-06-23\cases\short_pulse_500ps_high\ngspice_vm_ku\short_pulse_500ps_high_ngspice_vm_ku.sp,results\io_buf_value_matched_replay_2026-06-23\cases\short_pulse_500ps_high\ngspice_vm_ku\short_pulse_500ps_high_ngspice_vm_ku.raw,0.6784849536456994,1.5180856178659812,0.45958311307517136,1.018126082017851,0.5417579823912969,1.0155741679798131,0.04662606,1.01143417283132,-0.02253873,-0.07184136785566356,-0.01627490493117419,1.0030122777749868,True,0.31645581047938015,0.3165406230411647,0.012241252607044523,0.00010600000000060561,0.00010600000000060561,0.0,CHECK,-0.01666805443923648,1.0125478950237985,-0.07177534289013884,1.00378539456688,-0.01666805443923648,1.0125478950237985,-0.07177534289013884,1.00378539456688,,,,,,,,,,,,,,,,,,,,,,,,,,,,,0.0,1.0,0.0,0.0,,,,,,,,,1.5142757108659812,-0.001166752883213941,0.04775305,-0.01137848,5.956108,5.725264,5.871482,0.0,0.5912423990737592,0.4087686138612152,0.9999999999990016,0.049898149996199674,2.485019363721382,1.111578400559218,1.663139894720964,0.7066155523084318,2.234486951334503,2.6652066891816864,3.578939063513722,0.049898149996199674,2.485019363721382,0.7066155523084318,2.234486951334503,0.6965921750890918,1.7039659294472354,0.7065921750893955,6.679937940493099,5.625782386980711e-05,0.993836573934458,0.0023548660004794335,1.0250394307113124,0.9763033180965217,1.958591136873255,1.0,1.0,0.0,0.24597666282665134,-0.021796545901481414,0.993836573934458,-0.07160935420496792,1.004708011424144,,,,,,,,,,4.86361,8.495951,183,nan,nan,0
short_pulse_500ps_high,"500 ps high pulse with 1 ps edges, 50 ohm + 2 pF",short_high,0.5,vm_kd,ValueMatchedReplayKdOnly diagnostic,0.001,50.0,2.0,results\io_buf_value_matched_replay_2026-06-23\cases\short_pulse_500ps_high\hspice_native_ibis\short_pulse_500ps_high_hspice_native_ibis.sp,results\io_buf_value_matched_replay_2026-06-23\cases\short_pulse_500ps_high\ngspice_vm_kd\short_pulse_500ps_high_ngspice_vm_kd.sp,results\io_buf_value_matched_replay_2026-06-23\cases\short_pulse_500ps_high\ngspice_vm_kd\short_pulse_500ps_high_ngspice_vm_kd.raw,0.6782441783374843,1.5177991340060526,0.4595715632148011,1.0181234814937525,0.5417648225885728,1.0156728387139942,0.04662606,1.011617934117352,-0.02253873,-0.07182589275337614,-0.016314464918485094,1.003014654767356,True,0.3164035696858769,0.3165671409662171,0.012249204888486907,0.00010600000000060561,0.00010600000000060561,0.0,CHECK,-0.016562484469645183,1.0125518863123366,-0.07178922241818073,1.0037851271894473,-0.016562484469645183,1.0125518863123366,-0.07178922241818073,1.0037851271894473,,,,,,,,,,,,,,,,,,,,,,,,,,,,,0.0,1.0,0.0,0.0,,,,,,,,,1.5139892270060527,-0.0011229903527668148,0.04775305,-0.01137848,5.956108,5.725264,5.871482,0.0,0.5843517604865539,0.4156697888710018,0.9999999999990016,0.08419843506765218,2.468434330929874,1.111578400559218,1.660273446197248,0.7090063219190058,2.4835992948044385,2.6675829528942394,3.578939063513722,1.111578400559218,1.660273446197248,2.6675829528942394,3.578939063513722,1.995389144429155,3.5700138314737893,2.0053891444298966,8.436421694880679,0.0015859814073468494,0.993836573934458,0.0017845838732039774,1.002876379703961,0.49961600932329,1.958576630975234,0.05330193593017725,1.0,0.0,0.24599652512581138,2.5099403733377105e-05,0.993836573934458,-0.003743813951582157,1.004428531192111,,,,,,,,,,4.86361,8.495951,182,nan,nan,0
short_pulse_1ns_high,"1 ns high pulse with 1 ps edges, 50 ohm + 2 pF",short_high,1.0,legacy,legacy pybis,0.001,50.0,2.0,results\io_buf_value_matched_replay_2026-06-23\cases\short_pulse_1ns_high\hspice_native_ibis\short_pulse_1ns_high_hspice_native_ibis.sp,results\io_buf_value_matched_replay_2026-06-23\cases\short_pulse_1ns_high\ngspice_legacy\short_pulse_1ns_high_ngspice_legacy.sp,results\io_buf_value_matched_replay_2026-06-23\cases\short_pulse_1ns_high\ngspice_legacy\short_pulse_1ns_high_ngspice_legacy.raw,0.6532560845126897,1.4579885585552739,0.4704147907901465,1.0124229601567074,0.5038066834239642,1.0017879526348774,0.07455821,1.012537321335477,-0.06318683,-0.07176545831889017,-0.02221839669661043,1.006158578486266,True,1.0115220290662483,1.003074248053177,0.011341953063584136,0.00013600000000035806,2.9120429999999997,2.9119069999999994,CHECK,,,,,,,,,,,,,,,,,,,,,,,,,,,,,,,,,,,,,,,,,,,,,,,,,1.515512479370926,-0.011048494844779662,0.06159213,-0.01111205,6.380701,6.02251,6.29289,,,,,,,,,,,,,,,,,,,,,,,,,,,,,,,,,,,,,,,,,,,,,,,,,
short_pulse_1ns_high,"1 ns high pulse with 1 ps edges, 50 ohm + 2 pF",short_high,1.0,gate_hybrid,GateStateHybrid,0.001,50.0,2.0,results\io_buf_value_matched_replay_2026-06-23\cases\short_pulse_1ns_high\hspice_native_ibis\short_pulse_1ns_high_hspice_native_ibis.sp,results\io_buf_value_matched_replay_2026-06-23\cases\short_pulse_1ns_high\ngspice_gate_hybrid\short_pulse_1ns_high_ngspice_gate_hybrid.sp,results\io_buf_value_matched_replay_2026-06-23\cases\short_pulse_1ns_high\ngspice_gate_hybrid\short_pulse_1ns_high_ngspice_gate_hybrid.raw,0.02964772894699204,0.07764176230926442,0.03120758961837705,0.07455821,0.48874376539884706,1.061797626050249,0.07455821,0.058609542308875454,-0.06318683,0.0024890858084829887,-0.021285195786803855,1.0051342159228025,True,0.0043276715990246736,0.0015730986659906465,0.006736463446375169,0.00013600000000035806,0.00013600000000035806,0.0,CHECK,-0.02221839669661066,0.05860954230916861,0.0024861406983276335,1.006158578486266,-0.02221839669661066,1.0125373114967808,-0.07176546016834949,1.006158578486266,,,,,,,,,,,,,,,,,,,,,,,,,,,,,,,,,,,,,,,,,0.08024616330926443,-0.010888109305713387,0.06159213,-0.01111205,7.030045,6.386647,6.386647,,,,,,,,,,,,,,,,,,,,,,,,,,,,,,,,,,,,,,,,,,,,,,,,,
short_pulse_1ns_high,"1 ns high pulse with 1 ps edges, 50 ohm + 2 pF",short_high,1.0,charge_hybrid,ChargeLimitedGateHybrid,0.001,50.0,2.0,results\io_buf_value_matched_replay_2026-06-23\cases\short_pulse_1ns_high\hspice_native_ibis\short_pulse_1ns_high_hspice_native_ibis.sp,results\io_buf_value_matched_replay_2026-06-23\cases\short_pulse_1ns_high\ngspice_charge_hybrid\short_pulse_1ns_high_ngspice_charge_hybrid.sp,results\io_buf_value_matched_replay_2026-06-23\cases\short_pulse_1ns_high\ngspice_charge_hybrid\short_pulse_1ns_high_ngspice_charge_hybrid.raw,0.02878946367758174,0.08764822662301651,0.025921937813366828,0.07808668230887551,0.48678605450095813,1.0617976260502506,0.07455821,0.05860954230887553,-0.06318683,0.0012268699603855814,-0.021243878451317883,1.0051290586211226,True,0.005060933970432688,0.0015735378787322674,0.026974740028519937,0.00013600000000035806,0.00013600000000035806,0.0,CHECK,-0.022218450775737492,0.05860954230916861,0.0012241069674641559,1.0061585784862657,-0.022218450775737492,1.0125373192465847,-0.07176545937358011,1.0061585784862657,,,,,,,,,,,,,,,,,,,,,,,,,,,,,0.0,1.0,0.0,0.0,,,,,,,,,0.08927496919852361,-0.01086709495656609,0.06159213,-0.01111205,7.130045,6.58737,6.386647,,,,,,,,,,,,,,,,,,,,,,,,,,,,,,,,,,,0.0,0.10087584334651818,0.00021181028838654833,0.9999999999999992,0.001940593158962918,0.05860954230916861,0.001224106967464157,0.9986107960552464,,,,,,,
short_pulse_1ns_high,"1 ns high pulse with 1 ps edges, 50 ohm + 2 pF",short_high,1.0,vm_hybrid,ValueMatchedReplayHybrid,0.001,50.0,2.0,results\io_buf_value_matched_replay_2026-06-23\cases\short_pulse_1ns_high\hspice_native_ibis\short_pulse_1ns_high_hspice_native_ibis.sp,results\io_buf_value_matched_replay_2026-06-23\cases\short_pulse_1ns_high\ngspice_vm_hybrid\short_pulse_1ns_high_ngspice_vm_hybrid.sp,results\io_buf_value_matched_replay_2026-06-23\cases\short_pulse_1ns_high\ngspice_vm_hybrid\short_pulse_1ns_high_ngspice_vm_hybrid.raw,0.6530012469407213,1.4567444165580261,0.4302047920765075,1.0114006304778962,0.4671321053717263,1.0016541583959344,0.07455821,1.012203159223543,-0.06318683,-0.0717629390852179,-0.02222504804825568,1.006169260520348,True,0.29115361592999683,0.2886298741261437,0.011916348476911278,0.00013600000000035806,0.00013600000000035806,0.0,CHECK,-0.02221705171773338,1.0125373213589755,-0.07176545849343034,1.0061586527613218,-0.02221705171773338,1.0125373213589755,-0.07176545849343034,1.0061586527613218,,,,,,,,,,,,,,,,,,,,,,,,,,,,,0.0,1.0,0.0,0.0,,,,,,,,,1.5150863732455233,-0.011032911559533034,0.06159213,-0.01111205,6.3760900000000005,6.02251,6.29289,-2.769151810531171e-17,0.59111247365756,0.40852940133144494,0.9999999999990075,0.12808374531942213,2.4846416755203733,1.1115784005590312,1.663239569338847,0.706673371855573,2.6109191994257896,2.665099903510857,3.578939063513945,0.6226263915864175,2.0739406224296095,1.685886637683215,2.808319125151492,1.3569537206206261,2.636989880461409,1.3669539334539178,7.526811541694977,0.013112379848529383,0.993836573934458,0.019433610811912784,1.013773844934312,0.3738590562286699,1.9584265316553402,0.08205149930214463,1.0,0.0,0.2459269586538,6.647780161868744e-05,0.993836573934458,-0.018288055612101797,1.0044117848626395,,,,,,,,,,5.0,8.97921,211,nan,nan,0
short_pulse_1ns_high,"1 ns high pulse with 1 ps edges, 50 ohm + 2 pF",short_high,1.0,vm_full,ValueMatchedReplayFull diagnostic,,,,results\io_buf_value_matched_replay_2026-06-23\cases\short_pulse_1ns_high\hspice_native_ibis\short_pulse_1ns_high_hspice_native_ibis.sp,,,,,,,,,,,,,,,,,,,,,,failed,,,,,,,,,,,,,,,,,,,,,,,,,,,,,,,,,,,,,,,,,,,,,,,,,,,,,,,,,,,,,,,,,,,,,,,,,,,,,,,,,,,,,,,,,,,,,,,,,,ngspice vm_full return code -999,,,,,,
short_pulse_1ns_high,"1 ns high pulse with 1 ps edges, 50 ohm + 2 pF",short_high,1.0,vm_ku,ValueMatchedReplayKuOnly diagnostic,0.001,50.0,2.0,results\io_buf_value_matched_replay_2026-06-23\cases\short_pulse_1ns_high\hspice_native_ibis\short_pulse_1ns_high_hspice_native_ibis.sp,results\io_buf_value_matched_replay_2026-06-23\cases\short_pulse_1ns_high\ngspice_vm_ku\short_pulse_1ns_high_ngspice_vm_ku.sp,results\io_buf_value_matched_replay_2026-06-23\cases\short_pulse_1ns_high\ngspice_vm_ku\short_pulse_1ns_high_ngspice_vm_ku.raw,0.6526242164026511,1.456109248557087,0.430233017453366,1.011119219867729,0.46725109490936123,1.0016274600840076,0.07455821,1.0120816540805542,-0.06318683,-0.07171549023066906,-0.022036047588553632,1.0043732172780213,True,0.29142846863410216,0.2880495392109098,0.011933988691358127,0.00013600000000035806,0.00013600000000035806,0.0,CHECK,-0.022216310606104395,1.0125494432364128,-0.07182198913786886,1.0038728356877502,-0.022216310606104395,1.0125494432364128,-0.07182198913786886,1.0038728356877502,,,,,,,,,,,,,,,,,,,,,,,,,,,,,0.0,1.0,0.0,0.0,,,,,,,,,1.51418192794459,-0.010145909913294594,0.06159213,-0.01111205,6.380701,6.02251,6.259557,0.0,0.5972503807172294,0.402276075866381,0.9999999999990012,0.04701852279154672,2.502484335895421,1.1115784005592275,1.665845192994205,0.7039418739164703,2.258592005483943,2.662308387718005,3.578939063513708,0.04701852279154672,2.502484335895421,0.7039418739164703,2.258592005483943,0.6965921750887858,1.703965929446963,0.7065921750893955,6.679937940493099,5.625782386980711e-05,0.993836573934458,0.00020684009038451098,0.9991157389575819,0.9742640976037151,1.958366513801534,1.0,1.0,0.0,0.24598289946460197,-0.021796545901481414,0.993836573934458,-0.07202773011549964,1.004708011424144,,,,,,,,,,5.0,8.97921,212,nan,nan,0
short_pulse_1ns_high,"1 ns high pulse with 1 ps edges, 50 ohm + 2 pF",short_high,1.0,vm_kd,ValueMatchedReplayKdOnly diagnostic,0.001,50.0,2.0,results\io_buf_value_matched_replay_2026-06-23\cases\short_pulse_1ns_high\hspice_native_ibis\short_pulse_1ns_high_hspice_native_ibis.sp,results\io_buf_value_matched_replay_2026-06-23\cases\short_pulse_1ns_high\ngspice_vm_kd\short_pulse_1ns_high_ngspice_vm_kd.sp,results\io_buf_value_matched_replay_2026-06-23\cases\short_pulse_1ns_high\ngspice_vm_kd\short_pulse_1ns_high_ngspice_vm_kd.raw,0.6526046766319628,1.4561049680663352,0.4302100909414183,1.0112685754983386,0.4672430649696692,1.0016273228821797,0.07455821,1.0121319679798808,-0.06318683,-0.07172364524416718,-0.021993606726114136,1.0035244693879721,True,0.2915483523596027,0.28806212070448856,0.011943709758342141,0.00013600000000035806,0.00013600000000035806,0.0,CHECK,-0.022208352495448613,1.0125479074687618,-0.07182337916487043,1.0037851271894473,-0.022208352495448613,1.0125479074687618,-0.07182337916487043,1.0037851271894473,,,,,,,,,,,,,,,,,,,,,,,,,,,,,0.0,1.0,0.0,0.0,,,,,,,,,1.5139463676167206,-0.00994470765049818,0.06159213,-0.01111205,6.380701,6.02251,6.259557,0.0,0.5918010137333701,0.40770420635310817,0.9999999999990016,0.08152695799790326,2.486643235108659,1.111578400559218,1.663583409998964,0.7063669570174562,2.6059096161928785,2.664731532341456,3.578939063513722,1.111578400559218,1.663583409998964,2.664731532341456,3.578939063513722,1.9953891444283314,3.570013831473235,2.0053891444298966,8.436421694880679,0.001585981407350182,0.993836573934458,0.001784583873234546,0.9991157389575824,0.3780394742939902,1.9583645753240038,0.07733508597236934,1.0,0.0,0.2459651683603407,2.582312646802427e-05,0.993836573934458,0.0008842610414191893,1.0044525962358712,,,,,,,,,,5.0,8.97921,211,nan,nan,0
short_pulse_2ns_high,"2 ns high pulse with 1 ps edges, 50 ohm + 2 pF",short_high,2.0,legacy,legacy pybis,0.001,50.0,2.0,results\io_buf_value_matched_replay_2026-06-23\cases\short_pulse_2ns_high\hspice_native_ibis\short_pulse_2ns_high_hspice_native_ibis.sp,results\io_buf_value_matched_replay_2026-06-23\cases\short_pulse_2ns_high\ngspice_legacy\short_pulse_2ns_high_ngspice_legacy.sp,results\io_buf_value_matched_replay_2026-06-23\cases\short_pulse_2ns_high\ngspice_legacy\short_pulse_2ns_high_ngspice_legacy.raw,0.3613616426183236,0.9468966623382855,0.2833019281281989,0.7207869,0.23141813087362825,0.7982299065828886,0.5431727,1.012537321335477,-0.07198926,-0.07240746584312961,-0.02221839669661043,1.006158578486266,True,0.7330050250303745,0.053807035572748026,0.04630958986444791,2.5561859999999994,2.9063620000000006,0.35017600000000115,CHECK,,,,,,,,,,,,,,,,,,,,,,,,,,,,,,,,,,,,,,,,,,,,,,,,,1.5213845112415332,-0.011048494844779662,0.8250917,-0.01111205,7.727422999999999,7.001,9.501303,,,,,,,,,,,,,,,,,,,,,,,,,,,,,,,,,,,,,,,,,,,,,,,,,
short_pulse_2ns_high,"2 ns high pulse with 1 ps edges, 50 ohm + 2 pF",short_high,2.0,gate_hybrid,GateStateHybrid,0.001,50.0,2.0,results\io_buf_value_matched_replay_2026-06-23\cases\short_pulse_2ns_high\hspice_native_ibis\short_pulse_2ns_high_hspice_native_ibis.sp,results\io_buf_value_matched_replay_2026-06-23\cases\short_pulse_2ns_high\ngspice_gate_hybrid\short_pulse_2ns_high_ngspice_gate_hybrid.sp,results\io_buf_value_matched_replay_2026-06-23\cases\short_pulse_2ns_high\ngspice_gate_hybrid\short_pulse_2ns_high_ngspice_gate_hybrid.raw,0.062112885587674485,0.18637412234174844,0.05488370019936523,0.28399623833254006,0.22606230508361305,0.8399074036650257,0.5431727,0.566020994226117,-0.07198926,0.0010975044256644943,-0.021285195786803855,1.0051342159228025,True,0.06102002819760294,0.006251858224498086,0.04171820694336914,2.5561859999999994,2.9396960000000005,0.38351000000000113,CHECK,-0.02221839669661066,0.5684105925076319,0.0010974674244385758,1.006158578486266,-0.02221839669661066,1.012537321335477,-0.07240746584312978,1.006158578486266,,,,,,,,,,,,,,,,,,,,,,,,,,,,,,,,,,,,,,,,,0.8744271528900945,-0.010888109305713387,0.8250917,-0.01111205,7.603026000000001,7.569693000000001,9.501303,,,,,,,,,,,,,,,,,,,,,,,,,,,,,,,,,,,,,,,,,,,,,,,,,
short_pulse_2ns_high,"2 ns high pulse with 1 ps edges, 50 ohm + 2 pF",short_high,2.0,charge_hybrid,ChargeLimitedGateHybrid,0.001,50.0,2.0,results\io_buf_value_matched_replay_2026-06-23\cases\short_pulse_2ns_high\hspice_native_ibis\short_pulse_2ns_high_hspice_native_ibis.sp,results\io_buf_value_matched_replay_2026-06-23\cases\short_pulse_2ns_high\ngspice_charge_hybrid\short_pulse_2ns_high_ngspice_charge_hybrid.sp,results\io_buf_value_matched_replay_2026-06-23\cases\short_pulse_2ns_high\ngspice_charge_hybrid\short_pulse_2ns_high_ngspice_charge_hybrid.raw,0.06396926314997739,0.18911884773883791,0.05472389526572463,0.29259145527095404,0.21874346390426955,0.8370992984423309,0.5431727,0.5660585812878446,-0.07198926,0.0010975044549051268,-0.021243878451317883,1.0051290586211226,True,0.06096666133405071,0.007603243740309955,0.04706401441455154,2.5561859999999994,2.873029,0.31684300000000043,CHECK,-0.022218450775737492,0.5684481958456495,0.0010974674530630508,1.0061585784862657,-0.022218450775737492,1.012537321335477,-0.07240746584312985,1.0061585784862657,,,,,,,,,,,,,,,,,,,,,,,,,,,,,0.0,1.0,0.0,0.0,,,,,,,,,0.8729921399002919,-0.01086709495656609,0.8250917,-0.01111205,7.603026000000001,7.569693000000001,9.501303,,,,,,,,,,,,,,,,,,,,,,,,,,,,,,,,,,,0.0,0.5859597461388278,2.8367857018750255e-06,0.9999999999999992,0.001940593158962918,0.5684481958456495,0.0010974674530630493,0.9986107960552464,,,,,,,
short_pulse_2ns_high,"2 ns high pulse with 1 ps edges, 50 ohm + 2 pF",short_high,2.0,vm_hybrid,ValueMatchedReplayHybrid,,,,results\io_buf_value_matched_replay_2026-06-23\cases\short_pulse_2ns_high\hspice_native_ibis\short_pulse_2ns_high_hspice_native_ibis.sp,,,,,,,,,,,,,,,,,,,,,,failed,,,,,,,,,,,,,,,,,,,,,,,,,,,,,,,,,,,,,,,,,,,,,,,,,,,,,,,,,,,,,,,,,,,,,,,,,,,,,,,,,,,,,,,,,,,,,,,,,,ngspice vm_hybrid return code -999,,,,,,
short_pulse_2ns_high,"2 ns high pulse with 1 ps edges, 50 ohm + 2 pF",short_high,2.0,vm_full,ValueMatchedReplayFull diagnostic,,,,results\io_buf_value_matched_replay_2026-06-23\cases\short_pulse_2ns_high\hspice_native_ibis\short_pulse_2ns_high_hspice_native_ibis.sp,,,,,,,,,,,,,,,,,,,,,,failed,,,,,,,,,,,,,,,,,,,,,,,,,,,,,,,,,,,,,,,,,,,,,,,,,,,,,,,,,,,,,,,,,,,,,,,,,,,,,,,,,,,,,,,,,,,,,,,,,,ngspice vm_full return code -999,,,,,,
short_pulse_2ns_high,"2 ns high pulse with 1 ps edges, 50 ohm + 2 pF",short_high,2.0,vm_ku,ValueMatchedReplayKuOnly diagnostic,0.001,50.0,2.0,results\io_buf_value_matched_replay_2026-06-23\cases\short_pulse_2ns_high\hspice_native_ibis\short_pulse_2ns_high_hspice_native_ibis.sp,results\io_buf_value_matched_replay_2026-06-23\cases\short_pulse_2ns_high\ngspice_vm_ku\short_pulse_2ns_high_ngspice_vm_ku.sp,results\io_buf_value_matched_replay_2026-06-23\cases\short_pulse_2ns_high\ngspice_vm_ku\short_pulse_2ns_high_ngspice_vm_ku.raw,0.35971336661493347,0.9482452418876084,0.2567416241050123,0.7120623914635844,0.23500063300055388,0.7987624524548324,0.5431727,1.012546179924095,-0.07198926,-0.07243268161782934,-0.022036047588553632,1.0051595707169056,True,0.28484568878877015,0.042093068653186766,0.0471429858171408,2.5561859999999994,2.9063620000000006,0.35017600000000115,CHECK,-0.022216310606104395,1.0125373709727312,-0.07239516673946501,1.0056686854866221,-0.022216310606104395,1.0125373709727312,-0.07239516673946501,1.0056686854866221,,,,,,,,,,,,,,,,,,,,,,,,,,,,,0.0,1.0,0.0,0.0,,,,,,,,,1.5198560944643906,-0.010145909913294594,0.8250917,-0.01111205,7.727422999999999,7.008605,9.501303,0.0,0.5951305173733104,0.37675873105946467,0.9999999999990016,0.05204065645748752,2.4963219744716727,1.111578400559218,1.676638659145377,0.7048852577603121,1.9582599035636852,2.650486765111115,3.578939063513722,0.05204065645748752,2.4963219744716727,0.7048852577603121,1.9582599035636852,0.6965921750881892,1.703965929447586,0.7065921750893955,6.679937940493099,5.625782386980711e-05,0.993836573934458,0.00020684009038451098,0.9991157389575819,0.9763033180965217,1.945601507350803,1.0,1.0,0.0,0.2393234324348556,-0.021796545901481414,0.993836573934458,-0.07213192053503893,1.004708011424144,,,,,,,,,,4.68861,9.973529,254,nan,nan,0
short_pulse_2ns_high,"2 ns high pulse with 1 ps edges, 50 ohm + 2 pF",short_high,2.0,vm_kd,ValueMatchedReplayKdOnly diagnostic,0.001,50.0,2.0,results\io_buf_value_matched_replay_2026-06-23\cases\short_pulse_2ns_high\hspice_native_ibis\short_pulse_2ns_high_hspice_native_ibis.sp,results\io_buf_value_matched_replay_2026-06-23\cases\short_pulse_2ns_high\ngspice_vm_kd\short_pulse_2ns_high_ngspice_vm_kd.sp,results\io_buf_value_matched_replay_2026-06-23\cases\short_pulse_2ns_high\ngspice_vm_kd\short_pulse_2ns_high_ngspice_vm_kd.raw,0.35968111051980584,0.948358823068548,0.2567507386249526,0.7120652551415152,0.23585221687680172,0.7992715695111865,0.5431727,1.0125447858229517,-0.07198926,-0.07243588344616304,-0.021993606726114136,1.0048993803599477,True,0.28506521587214106,0.043656313100711275,0.04707699208479918,2.5561859999999994,2.9063620000000006,0.35017600000000115,CHECK,-0.022208352495448613,1.0125373750578732,-0.0723982498592567,1.0051391744835558,-0.022208352495448613,1.0125373750578732,-0.0723982498592567,1.0051391744835558,,,,,,,,,,,,,,,,,,,,,,,,,,,,,0.0,1.0,0.0,0.0,,,,,,,,,1.5197360466481395,-0.00994470765049818,0.8250917,-0.01111205,7.727422999999999,7.008605,9.501303,0.0,0.5990067702913011,0.37332188474165023,0.9999999999990016,0.0866536351344643,2.5075900930129165,1.111578400559218,1.67821627936901,0.7031602435569358,1.9982357522187144,2.649288417402843,3.578939063513722,1.111578400559218,1.67821627936901,2.649288417402843,3.578939063513722,1.995389144426979,3.5700138314744985,2.0053891444298966,8.436421694880679,0.0015859814073425824,0.993836573934458,0.0017845838731649708,0.9991157389575824,0.9763033180965003,1.9461281738459077,0.7792616046460135,1.0,0.0,0.2423272826101945,2.6992727128891185e-05,0.993836573934458,0.0008842610414191893,1.0045195400030795,,,,,,,,,,4.68861,9.973529,254,nan,nan,0
short_pulse_500ps_low,"500 ps low pulse after settled high, 50 ohm + 2 pF",short_low,0.5,legacy,legacy pybis,0.001,50.0,2.0,results\io_buf_value_matched_replay_2026-06-23\cases\short_pulse_500ps_low\hspice_native_ibis\short_pulse_500ps_low_hspice_native_ibis.sp,results\io_buf_value_matched_replay_2026-06-23\cases\short_pulse_500ps_low\ngspice_legacy\short_pulse_500ps_low_ngspice_legacy.sp,results\io_buf_value_matched_replay_2026-06-23\cases\short_pulse_500ps_low\ngspice_legacy\short_pulse_500ps_low_ngspice_legacy.raw,0.6808194597727125,1.388297605163003,0.523050511748162,0.9293765057980719,0.7421039561689352,1.0746465021815514,1.013494,1.0101618928878084,-0.072523,-0.0284836458097058,-0.02221839669661069,1.0059633510050079,True,0.767750625423389,0.8645257504430812,0.04575320609447328,0.0001619999999995514,1.9366599999999998,1.9364980000000003,CHECK,,,,,,,,,,,,,,,,,,,,,,,,,,,,,,,,,,,,,,,,,,,,,,,,,1.5558988564001994,-0.010991010881487625,1.553932,0.003474157,10.30383,9.869804,8.842183,,,,,,,,,,,,,,,,,,,,,,,,,,,,,,,,,,,,,,,,,,,,,,,,,
short_pulse_500ps_low,"500 ps low pulse after settled high, 50 ohm + 2 pF",short_low,0.5,gate_hybrid,GateStateHybrid,0.001,50.0,2.0,results\io_buf_value_matched_replay_2026-06-23\cases\short_pulse_500ps_low\hspice_native_ibis\short_pulse_500ps_low_hspice_native_ibis.sp,results\io_buf_value_matched_replay_2026-06-23\cases\short_pulse_500ps_low\ngspice_gate_hybrid\short_pulse_500ps_low_ngspice_gate_hybrid.sp,results\io_buf_value_matched_replay_2026-06-23\cases\short_pulse_500ps_low\ngspice_gate_hybrid\short_pulse_500ps_low_ngspice_gate_hybrid.raw,0.6781674069561322,1.3895647241846607,0.48613640408009157,0.9295488208941916,0.7088893732147817,1.074648048591929,1.013494,1.0094959357565232,-0.072523,-0.028092538971043093,-0.021687239400951627,1.0038449141024373,True,0.2967358481714639,0.33356172144302537,0.04818516835215517,0.0001619999999995514,0.0001619999999995514,0.0,CHECK,-0.02221839669661047,1.0125379137853057,-0.028483645809703015,1.0061547265459814,-0.02221839669661047,1.0125379137853057,-0.028483645809703015,1.0061547265459814,,,,,,,,,,,,,,,,,,,,,,,,,,,,,,,,,,,,,,,,,1.5559257402600615,-0.011027271442983077,1.553932,0.003474157,10.30383,9.868422,8.866814999999999,,,,,,,,,,,,,,,,,,,,,,,,,,,,,,,,,,,,,,,,,,,,,,,,,
short_pulse_500ps_low,"500 ps low pulse after settled high, 50 ohm + 2 pF",short_low,0.5,charge_hybrid,ChargeLimitedGateHybrid,0.001,50.0,2.0,results\io_buf_value_matched_replay_2026-06-23\cases\short_pulse_500ps_low\hspice_native_ibis\short_pulse_500ps_low_hspice_native_ibis.sp,results\io_buf_value_matched_replay_2026-06-23\cases\short_pulse_500ps_low\ngspice_charge_hybrid\short_pulse_500ps_low_ngspice_charge_hybrid.sp,results\io_buf_value_matched_replay_2026-06-23\cases\short_pulse_500ps_low\ngspice_charge_hybrid\short_pulse_500ps_low_ngspice_charge_hybrid.raw,0.6779923169725272,1.3894737724970565,0.4861273706912864,0.9295439147864423,0.7088836571386404,1.07464659708898,1.013494,1.0094960714563506,-0.072523,-0.028092379054455344,-0.021692750998863294,1.0038773579395588,True,0.293781988391987,0.3302407934818043,0.04819449346591748,0.0001619999999995514,0.0001619999999995514,0.0,CHECK,-0.02221839669661065,1.0125377374617215,-0.02848364580971,1.006160050578891,-0.02221839669661065,1.0125377374617215,-0.02848364580971,1.006160050578891,,,,,,,,,,,,,,,,,,,,,,,,,,,,,0.0,0.0,0.0,1.0,,,,,,,,,1.5556860473175462,-0.0110271825605651,1.553932,0.003474157,10.30383,9.868422,8.866814999999999,,,,,,,,,,,,,,,,,,,,,,,,,,,,,,,,,,,0.023306761605938885,0.9782830835032148,0.0012867537663786906,0.01343790785256942,0.05477138069107959,0.9914137783613032,0.0018755308002118597,0.009239221570185661,,,,,,,
short_pulse_500ps_low,"500 ps low pulse after settled high, 50 ohm + 2 pF",short_low,0.5,vm_hybrid,ValueMatchedReplayHybrid,,,,results\io_buf_value_matched_replay_2026-06-23\cases\short_pulse_500ps_low\hspice_native_ibis\short_pulse_500ps_low_hspice_native_ibis.sp,,,,,,,,,,,,,,,,,,,,,,failed,,,,,,,,,,,,,,,,,,,,,,,,,,,,,,,,,,,,,,,,,,,,,,,,,,,,,,,,,,,,,,,,,,,,,,,,,,,,,,,,,,,,,,,,,,,,,,,,,,ngspice vm_hybrid return code -999,,,,,,
short_pulse_500ps_low,"500 ps low pulse after settled high, 50 ohm + 2 pF",short_low,0.5,vm_full,ValueMatchedReplayFull diagnostic,,,,results\io_buf_value_matched_replay_2026-06-23\cases\short_pulse_500ps_low\hspice_native_ibis\short_pulse_500ps_low_hspice_native_ibis.sp,,,,,,,,,,,,,,,,,,,,,,failed,,,,,,,,,,,,,,,,,,,,,,,,,,,,,,,,,,,,,,,,,,,,,,,,,,,,,,,,,,,,,,,,,,,,,,,,,,,,,,,,,,,,,,,,,,,,,,,,,,ngspice vm_full return code -999,,,,,,
short_pulse_500ps_low,"500 ps low pulse after settled high, 50 ohm + 2 pF",short_low,0.5,vm_ku,ValueMatchedReplayKuOnly diagnostic,,,,results\io_buf_value_matched_replay_2026-06-23\cases\short_pulse_500ps_low\hspice_native_ibis\short_pulse_500ps_low_hspice_native_ibis.sp,,,,,,,,,,,,,,,,,,,,,,failed,,,,,,,,,,,,,,,,,,,,,,,,,,,,,,,,,,,,,,,,,,,,,,,,,,,,,,,,,,,,,,,,,,,,,,,,,,,,,,,,,,,,,,,,,,,,,,,,,,ngspice vm_ku return code -999,,,,,,
short_pulse_500ps_low,"500 ps low pulse after settled high, 50 ohm + 2 pF",short_low,0.5,vm_kd,ValueMatchedReplayKdOnly diagnostic,0.001,50.0,2.0,results\io_buf_value_matched_replay_2026-06-23\cases\short_pulse_500ps_low\hspice_native_ibis\short_pulse_500ps_low_hspice_native_ibis.sp,results\io_buf_value_matched_replay_2026-06-23\cases\short_pulse_500ps_low\ngspice_vm_kd\short_pulse_500ps_low_ngspice_vm_kd.sp,results\io_buf_value_matched_replay_2026-06-23\cases\short_pulse_500ps_low\ngspice_vm_kd\short_pulse_500ps_low_ngspice_vm_kd.raw,0.6805941676818421,1.3878982986890105,0.4981886930700506,0.9293157953097699,0.7197151108297088,1.0746554809359294,1.013494,1.010253138288415,-0.072523,-0.028483631717199965,-0.022226533951293453,1.006084194754682,True,0.2077324812931769,0.23391707577389978,0.04633193370371643,0.0001619999999995514,1.9366599999999998,1.9364980000000003,CHECK,-0.02221628610383573,1.012486861688368,-0.028484050865949063,1.0062089772115337,-0.02221628610383573,1.012486861688368,-0.028484050865949063,1.0062089772115337,,,,,,,,,,,,,,,,,,,,,,,,,,,,,0.0,0.0,0.0,1.0,,,,,,,,,1.5554883368331047,-0.010981929730731232,1.553932,0.003474157,10.30383,9.869804,8.842183,0.0008272542590665239,0.6434111759566565,0.3518553732654934,0.999172795244502,0.08665365603786875,2.6194493715123968,1.1383032939559776,1.688561791711425,0.6766229326477083,2.6806616865888655,2.638387937266061,3.5469806268370334,1.1383032939559776,1.688561791711425,2.638387937266061,3.5469806268370334,1.929782444858277,2.4733204025404754,1.9397826128555093,7.347934296675445,0.0045429282604290055,0.9930093196753915,0.017658448941088457,0.9982885342030828,0.3089254346115851,1.963295189892569,0.0,1.0,1.2128770505998194e-241,0.20385032950700854,-2.891003884633402e-07,0.993836573934458,0.0008842610414191893,1.000821052846954,,,,,,,,,,7.511950000000001,8.50591,49,nan,nan,0
short_pulse_1ns_low,"1 ns low pulse after settled high, 50 ohm + 2 pF",short_low,1.0,legacy,legacy pybis,0.001,50.0,2.0,results\io_buf_value_matched_replay_2026-06-23\cases\short_pulse_1ns_low\hspice_native_ibis\short_pulse_1ns_low_hspice_native_ibis.sp,results\io_buf_value_matched_replay_2026-06-23\cases\short_pulse_1ns_low\ngspice_legacy\short_pulse_1ns_low_ngspice_legacy.sp,results\io_buf_value_matched_replay_2026-06-23\cases\short_pulse_1ns_low\ngspice_legacy\short_pulse_1ns_low_ngspice_legacy.raw,0.508684032438304,1.388442484387221,0.4054065451694065,0.9296828219525782,0.6549988875132998,1.061476052140943,1.013494,1.0101618928878084,-0.07171205,-0.07176545831889039,-0.023456096886438623,1.005087383782284,True,0.06465669293301023,0.8878897289534433,0.04550009022016115,0.00013200000000068712,1.94318,1.9430479999999992,CHECK,,,,,,,,,,,,,,,,,,,,,,,,,,,,,,,,,,,,,,,,,,,,,,,,,1.5558988564001994,-0.011047189312836677,1.553932,0.000764693,10.81035,10.4621,9.021438,,,,,,,,,,,,,,,,,,,,,,,,,,,,,,,,,,,,,,,,,,,,,,,,,
short_pulse_1ns_low,"1 ns low pulse after settled high, 50 ohm + 2 pF",short_low,1.0,gate_hybrid,GateStateHybrid,0.001,50.0,2.0,results\io_buf_value_matched_replay_2026-06-23\cases\short_pulse_1ns_low\hspice_native_ibis\short_pulse_1ns_low_hspice_native_ibis.sp,results\io_buf_value_matched_replay_2026-06-23\cases\short_pulse_1ns_low\ngspice_gate_hybrid\short_pulse_1ns_low_ngspice_gate_hybrid.sp,results\io_buf_value_matched_replay_2026-06-23\cases\short_pulse_1ns_low\ngspice_gate_hybrid\short_pulse_1ns_low_ngspice_gate_hybrid.raw,0.5090351537932986,1.3890728359539453,0.40549361014931845,0.9291023485188218,0.617714032649645,1.05485630385564,1.013494,1.0094959357565232,-0.07171205,-0.07186300825229108,-0.0228233098715897,1.0052099690877032,True,0.02564557822679637,0.3432718362963145,0.046173794171019064,0.00013200000000068712,0.00013200000000068712,0.0,CHECK,-0.023456521678123322,1.0125379137853057,-0.07176545831888972,1.0050873791578472,-0.023456521678123322,1.0125379137853057,-0.07176545831888972,1.0050873791578472,,,,,,,,,,,,,,,,,,,,,,,,,,,,,,,,,,,,,,,,,1.5559257402600615,-0.011081585364657899,1.553932,0.000764693,10.81035,10.46705,9.031684,,,,,,,,,,,,,,,,,,,,,,,,,,,,,,,,,,,,,,,,,,,,,,,,,
short_pulse_1ns_low,"1 ns low pulse after settled high, 50 ohm + 2 pF",short_low,1.0,charge_hybrid,ChargeLimitedGateHybrid,0.001,50.0,2.0,results\io_buf_value_matched_replay_2026-06-23\cases\short_pulse_1ns_low\hspice_native_ibis\short_pulse_1ns_low_hspice_native_ibis.sp,results\io_buf_value_matched_replay_2026-06-23\cases\short_pulse_1ns_low\ngspice_charge_hybrid\short_pulse_1ns_low_ngspice_charge_hybrid.sp,results\io_buf_value_matched_replay_2026-06-23\cases\short_pulse_1ns_low\ngspice_charge_hybrid\short_pulse_1ns_low_ngspice_charge_hybrid.raw,0.5090832937301445,1.3891530946997204,0.40553047686978794,0.9290915160956957,0.6177622369867428,1.054786184289935,1.013494,1.0094960714563506,-0.07171205,-0.07186272379443041,-0.022781562056646585,1.00521250709975,True,0.02539217172077871,0.3398717920577914,0.04617071220336527,0.00013200000000068712,0.00013200000000068712,0.0,CHECK,-0.023457459357355107,1.0125377374617215,-0.07176545831889036,1.0050873838948762,-0.023457459357355107,1.0125377374617215,-0.07176545831889036,1.0050873838948762,,,,,,,,,,,,,,,,,,,,,,,,,,,,,0.0,0.0,0.0,1.0,,,,,,,,,1.5556860473175462,-0.011078125698756037,1.553932,0.000764693,10.81035,10.46705,9.031684,,,,,,,,,,,,,,,,,,,,,,,,,,,,,,,,,,,0.006175162683713126,0.9782830835032148,1.9393877016762695e-05,0.01343790785256942,0.015938192363666392,0.9914137783613032,0.0011075011749324482,0.009239221570185661,,,,,,,
short_pulse_1ns_low,"1 ns low pulse after settled high, 50 ohm + 2 pF",short_low,1.0,vm_hybrid,ValueMatchedReplayHybrid,,,,results\io_buf_value_matched_replay_2026-06-23\cases\short_pulse_1ns_low\hspice_native_ibis\short_pulse_1ns_low_hspice_native_ibis.sp,,,,,,,,,,,,,,,,,,,,,,failed,,,,,,,,,,,,,,,,,,,,,,,,,,,,,,,,,,,,,,,,,,,,,,,,,,,,,,,,,,,,,,,,,,,,,,,,,,,,,,,,,,,,,,,,,,,,,,,,,,ngspice vm_hybrid return code -999,,,,,,
short_pulse_1ns_low,"1 ns low pulse after settled high, 50 ohm + 2 pF",short_low,1.0,vm_full,ValueMatchedReplayFull diagnostic,,,,results\io_buf_value_matched_replay_2026-06-23\cases\short_pulse_1ns_low\hspice_native_ibis\short_pulse_1ns_low_hspice_native_ibis.sp,,,,,,,,,,,,,,,,,,,,,,failed,,,,,,,,,,,,,,,,,,,,,,,,,,,,,,,,,,,,,,,,,,,,,,,,,,,,,,,,,,,,,,,,,,,,,,,,,,,,,,,,,,,,,,,,,,,,,,,,,,ngspice vm_full return code -999,,,,,,
short_pulse_1ns_low,"1 ns low pulse after settled high, 50 ohm + 2 pF",short_low,1.0,vm_ku,ValueMatchedReplayKuOnly diagnostic,,,,results\io_buf_value_matched_replay_2026-06-23\cases\short_pulse_1ns_low\hspice_native_ibis\short_pulse_1ns_low_hspice_native_ibis.sp,,,,,,,,,,,,,,,,,,,,,,failed,,,,,,,,,,,,,,,,,,,,,,,,,,,,,,,,,,,,,,,,,,,,,,,,,,,,,,,,,,,,,,,,,,,,,,,,,,,,,,,,,,,,,,,,,,,,,,,,,,ngspice vm_ku return code -999,,,,,,
short_pulse_1ns_low,"1 ns low pulse after settled high, 50 ohm + 2 pF",short_low,1.0,vm_kd,ValueMatchedReplayKdOnly diagnostic,0.001,50.0,2.0,results\io_buf_value_matched_replay_2026-06-23\cases\short_pulse_1ns_low\hspice_native_ibis\short_pulse_1ns_low_hspice_native_ibis.sp,results\io_buf_value_matched_replay_2026-06-23\cases\short_pulse_1ns_low\ngspice_vm_kd\short_pulse_1ns_low_ngspice_vm_kd.sp,results\io_buf_value_matched_replay_2026-06-23\cases\short_pulse_1ns_low\ngspice_vm_kd\short_pulse_1ns_low_ngspice_vm_kd.raw,0.5078880011188992,1.3875347466189236,0.4048247252965446,0.9293313548511585,0.6308192686396037,1.062189238086338,1.013494,1.010253138288415,-0.07171205,-0.07175103201411683,-0.023468413121350597,1.0050849312269237,True,0.019250304831196413,0.26444476688163854,0.04616135978212469,0.00013200000000068712,1.94318,1.9430479999999992,CHECK,-0.023453821174310774,1.012486861688368,-0.07182579389860189,1.0050871214849615,-0.023453821174310774,1.012486861688368,-0.07182579389860189,1.0050871214849615,,,,,,,,,,,,,,,,,,,,,,,,,,,,,0.0,0.0,0.0,1.0,,,,,,,,,1.5554883368331047,-0.011111530374780179,1.553932,0.000764693,10.81035,10.46705,9.021438,0.0008272542590665239,0.6393822248634985,0.3507029138019018,0.999172795244502,0.08665365603786875,2.6081848801263554,1.1383032939559776,1.689058518281598,0.6792112029789023,2.6806616865888655,2.637787933443535,3.5469806268370334,1.1383032939559776,1.689058518281598,2.637787933443535,3.5469806268370334,1.9306036596590999,2.4733204025404754,1.9406041836637364,7.347934296675445,0.003595797349350326,0.9930093196753915,0.017658448941088457,0.9982885342030828,0.3089254346115851,1.963295189892569,0.0,1.0,2.0744313961832274e-263,0.20626726803342602,-2.891003884633402e-07,0.993836573934458,0.0008842610414191893,1.000821052846954,,,,,,,,,,7.511950000000001,9.002557000000001,77,nan,nan,0
short_pulse_2ns_low,"2 ns low pulse after settled high, 50 ohm + 2 pF",short_low,2.0,legacy,legacy pybis,0.001,50.0,2.0,results\io_buf_value_matched_replay_2026-06-23\cases\short_pulse_2ns_low\hspice_native_ibis\short_pulse_2ns_low_hspice_native_ibis.sp,results\io_buf_value_matched_replay_2026-06-23\cases\short_pulse_2ns_low\ngspice_legacy\short_pulse_2ns_low_ngspice_legacy.sp,results\io_buf_value_matched_replay_2026-06-23\cases\short_pulse_2ns_low\ngspice_legacy\short_pulse_2ns_low_ngspice_legacy.raw,0.018888382643368846,0.049819652091884506,0.020990479212269788,0.05960178578788941,0.3616978395600471,1.0203965405398758,1.013494,1.0101618928878084,-0.07171205,-0.07176545831889039,-0.023456285787889417,1.0050874177278435,True,0.0036659257314177436,0.6083980124407531,0.046061992812669976,0.00015999999999927184,1.9226100000000006,1.9224500000000013,CHECK,,,,,,,,,,,,,,,,,,,,,,,,,,,,,,,,,,,,,,,,,,,,,,,,,1.5558988564001994,-0.01110927899746159,1.553932,0.0008103285,10.634,10.88682,10.416649999999999,,,,,,,,,,,,,,,,,,,,,,,,,,,,,,,,,,,,,,,,,,,,,,,,,
short_pulse_2ns_low,"2 ns low pulse after settled high, 50 ohm + 2 pF",short_low,2.0,gate_hybrid,GateStateHybrid,0.001,50.0,2.0,results\io_buf_value_matched_replay_2026-06-23\cases\short_pulse_2ns_low\hspice_native_ibis\short_pulse_2ns_low_hspice_native_ibis.sp,results\io_buf_value_matched_replay_2026-06-23\cases\short_pulse_2ns_low\ngspice_gate_hybrid\short_pulse_2ns_low_ngspice_gate_hybrid.sp,results\io_buf_value_matched_replay_2026-06-23\cases\short_pulse_2ns_low\ngspice_gate_hybrid\short_pulse_2ns_low_ngspice_gate_hybrid.raw,0.020468714813805224,0.04978312546040172,0.021630622966337536,0.059208795795987645,0.32114258138815344,1.0205350259996024,1.013494,1.0094959357565232,-0.07171205,-0.07186300825229108,-0.023063295795987652,1.0052597212850352,True,0.0024210508890192685,0.3246054557950096,0.04605704044607795,0.00015999999999927184,0.00015999999999927184,0.0,CHECK,-0.02345626647848961,1.0125379137853057,-0.07176545831888972,1.005088342680124,-0.02345626647848961,1.0125379137853057,-0.07176545831888972,1.005088342680124,,,,,,,,,,,,,,,,,,,,,,,,,,,,,,,,,,,,,,,,,1.5559257402600615,-0.01110783495926087,1.553932,0.0008103285,10.634,10.88682,10.416649999999999,,,,,,,,,,,,,,,,,,,,,,,,,,,,,,,,,,,,,,,,,,,,,,,,,
short_pulse_2ns_low,"2 ns low pulse after settled high, 50 ohm + 2 pF",short_low,2.0,charge_hybrid,ChargeLimitedGateHybrid,0.001,50.0,2.0,results\io_buf_value_matched_replay_2026-06-23\cases\short_pulse_2ns_low\hspice_native_ibis\short_pulse_2ns_low_hspice_native_ibis.sp,results\io_buf_value_matched_replay_2026-06-23\cases\short_pulse_2ns_low\ngspice_charge_hybrid\short_pulse_2ns_low_ngspice_charge_hybrid.sp,results\io_buf_value_matched_replay_2026-06-23\cases\short_pulse_2ns_low\ngspice_charge_hybrid\short_pulse_2ns_low_ngspice_charge_hybrid.raw,0.020349157221113443,0.049782704402668965,0.021625274457326267,0.05921726866179754,0.32114197712539577,1.0205328742079811,1.013494,1.0094960714563506,-0.07171205,-0.07186272379443041,-0.023071768661797536,1.005251422236087,True,0.002436549050444598,0.3213340321253141,0.046061286407341216,0.00015999999999927184,0.00015999999999927184,0.0,CHECK,-0.023456286653638688,1.0125377374617215,-0.07176545831889036,1.0050873909311606,-0.023456286653638688,1.0125377374617215,-0.07176545831889036,1.0050873909311606,,,,,,,,,,,,,,,,,,,,,,,,,,,,,0.0,0.0,0.0,1.0,,,,,,,,,1.5556860473175462,-0.011102310521254849,1.553932,0.0008103285,10.634,10.88682,10.416649999999999,,,,,,,,,,,,,,,,,,,,,,,,,,,,,,,,,,,0.0003898418500443699,0.9782830835032148,0.012448175026728453,0.9687203140443125,0.0028242702780343783,0.9914137783613032,0.008639436033545334,0.9968887676025677,,,,,,,
short_pulse_2ns_low,"2 ns low pulse after settled high, 50 ohm + 2 pF",short_low,2.0,vm_hybrid,ValueMatchedReplayHybrid,,,,results\io_buf_value_matched_replay_2026-06-23\cases\short_pulse_2ns_low\hspice_native_ibis\short_pulse_2ns_low_hspice_native_ibis.sp,,,,,,,,,,,,,,,,,,,,,,failed,,,,,,,,,,,,,,,,,,,,,,,,,,,,,,,,,,,,,,,,,,,,,,,,,,,,,,,,,,,,,,,,,,,,,,,,,,,,,,,,,,,,,,,,,,,,,,,,,,ngspice vm_hybrid return code -999,,,,,,
short_pulse_2ns_low,"2 ns low pulse after settled high, 50 ohm + 2 pF",short_low,2.0,vm_full,ValueMatchedReplayFull diagnostic,,,,results\io_buf_value_matched_replay_2026-06-23\cases\short_pulse_2ns_low\hspice_native_ibis\short_pulse_2ns_low_hspice_native_ibis.sp,,,,,,,,,,,,,,,,,,,,,,failed,,,,,,,,,,,,,,,,,,,,,,,,,,,,,,,,,,,,,,,,,,,,,,,,,,,,,,,,,,,,,,,,,,,,,,,,,,,,,,,,,,,,,,,,,,,,,,,,,,ngspice vm_full return code -999,,,,,,
short_pulse_2ns_low,"2 ns low pulse after settled high, 50 ohm + 2 pF",short_low,2.0,vm_ku,ValueMatchedReplayKuOnly diagnostic,,,,results\io_buf_value_matched_replay_2026-06-23\cases\short_pulse_2ns_low\hspice_native_ibis\short_pulse_2ns_low_hspice_native_ibis.sp,,,,,,,,,,,,,,,,,,,,,,failed,,,,,,,,,,,,,,,,,,,,,,,,,,,,,,,,,,,,,,,,,,,,,,,,,,,,,,,,,,,,,,,,,,,,,,,,,,,,,,,,,,,,,,,,,,,,,,,,,,ngspice vm_ku return code -999,,,,,,
short_pulse_2ns_low,"2 ns low pulse after settled high, 50 ohm + 2 pF",short_low,2.0,vm_kd,ValueMatchedReplayKdOnly diagnostic,0.001,50.0,2.0,results\io_buf_value_matched_replay_2026-06-23\cases\short_pulse_2ns_low\hspice_native_ibis\short_pulse_2ns_low_hspice_native_ibis.sp,results\io_buf_value_matched_replay_2026-06-23\cases\short_pulse_2ns_low\ngspice_vm_kd\short_pulse_2ns_low_ngspice_vm_kd.sp,results\io_buf_value_matched_replay_2026-06-23\cases\short_pulse_2ns_low\ngspice_vm_kd\short_pulse_2ns_low_ngspice_vm_kd.raw,0.019093404980233774,0.049812526426569755,0.02105799787546222,0.059608371994151824,0.3347613497855543,1.0203939712887922,1.013494,1.010253138288415,-0.07171205,-0.07175103201411683,-0.02346287199415183,1.0050764423811367,True,0.0036715011730420752,0.22862352547220438,0.046074088167026794,0.00015999999999927184,1.9226100000000006,1.9224500000000013,CHECK,-0.023456557563092922,1.012486861688368,-0.07182579389860189,1.0050899734106307,-0.023456557563092922,1.012486861688368,-0.07182579389860189,1.0050899734106307,,,,,,,,,,,,,,,,,,,,,,,,,,,,,0.0,0.0,0.0,1.0,,,,,,,,,1.5554883368331047,-0.011114757210646383,1.553932,0.0008103285,10.634,10.88682,10.416649999999999,0.0008272542590665239,0.6393822248634985,0.3531071391612799,0.999172795244502,0.08665365603786875,2.6081848801263554,1.1383032939559776,1.68793908009396,0.6792112029789023,2.6806616865888655,2.639039642897457,3.5469806268370334,1.1383032939559776,1.68793908009396,2.639039642897457,3.5469806268370334,1.9230157995586776,2.4733204025404754,1.9330160119204254,7.347934296675445,0.004471431168402076,0.9930093196753915,0.017658448941088457,0.9982885342030828,0.3089254346115851,1.963295189892569,0.0,1.0,6.150812496701198e-307,0.19286913342824036,-2.891003884633402e-07,0.993836573934458,0.0008842610414191893,1.0043130504808682,,,,,,,,,,7.511950000000001,10.002550000000001,129,nan,nan,0
double_toggle_1ps,"Two interrupted high pulses with 1 ps edges, 50 ohm + 2 pF",double_toggle,,legacy,legacy pybis,0.001,50.0,2.0,results\io_buf_value_matched_replay_2026-06-23\cases\double_toggle_1ps\hspice_native_ibis\double_toggle_1ps_hspice_native_ibis.sp,results\io_buf_value_matched_replay_2026-06-23\cases\double_toggle_1ps\ngspice_legacy\double_toggle_1ps_ngspice_legacy.sp,results\io_buf_value_matched_replay_2026-06-23\cases\double_toggle_1ps\ngspice_legacy\double_toggle_1ps_ngspice_legacy.raw,0.6706700546569923,1.5191344052892546,0.4909655633289554,1.0271420661378623,0.5901006353016915,1.0656541517620641,0.04708758,1.0125300656435587,-0.0238286,-0.07222712683131503,-0.01711811637670198,1.004014913503872,True,0.0,0.0,0.011778642934326632,nan,nan,,CHECK,,,,,,,,,,,,,,,,,,,,,,,,,,,,,,,,,,,,,,,,,,,,,,,,,1.5136881769953403,-0.0018691636791436893,0.04768375,-0.01273358,6.043039,5.8585970000000005,8.568422,,,,,,,,,,,,,,,,,,,,,,,,,,,,,,,,,,,,,,,,,,,,,,,,,
double_toggle_1ps,"Two interrupted high pulses with 1 ps edges, 50 ohm + 2 pF",double_toggle,,gate_hybrid,GateStateHybrid,0.001,50.0,2.0,results\io_buf_value_matched_replay_2026-06-23\cases\double_toggle_1ps\hspice_native_ibis\double_toggle_1ps_hspice_native_ibis.sp,results\io_buf_value_matched_replay_2026-06-23\cases\double_toggle_1ps\ngspice_gate_hybrid\double_toggle_1ps_ngspice_gate_hybrid.sp,results\io_buf_value_matched_replay_2026-06-23\cases\double_toggle_1ps\ngspice_gate_hybrid\double_toggle_1ps_ngspice_gate_hybrid.raw,0.018158100330201925,0.046772245565844604,0.02120065221322529,0.04685011299143638,0.5676781882880663,1.0224393960502498,0.04708758,0.01983847696946999,-0.0238286,0.00165602183905891,-0.003684044676414438,1.0035835705949236,True,0.0,0.0,0.005249109219697705,nan,nan,,CHECK,-0.003753521148239319,0.019860783906111006,0.0016442157539422041,1.004014913503873,-0.017121566037356626,1.0125372757221034,-0.07223086010875795,1.004014913503873,,,,,,,,,,,,,,,,,,,,,,,,,,,,,,,,,,,,,,,,,0.029513203408676997,-0.001839294092711216,0.04768375,-0.01273358,7.412796999999999,7.520269,5.976115,,,,,,,,,,,,,,,,,,,,,,,,,,,,,,,,,,,,,,,,,,,,,,,,,
double_toggle_1ps,"Two interrupted high pulses with 1 ps edges, 50 ohm + 2 pF",double_toggle,,charge_hybrid,ChargeLimitedGateHybrid,,,,results\io_buf_value_matched_replay_2026-06-23\cases\double_toggle_1ps\hspice_native_ibis\double_toggle_1ps_hspice_native_ibis.sp,,,,,,,,,,,,,,,,,,,,,,failed,,,,,,,,,,,,,,,,,,,,,,,,,,,,,,,,,,,,,,,,,,,,,,,,,,,,,,,,,,,,,,,,,,,,,,,,,,,,,,,,,,,,,,,,,,,,,,,,,,ngspice charge_hybrid return code -999,,,,,,
double_toggle_1ps,"Two interrupted high pulses with 1 ps edges, 50 ohm + 2 pF",double_toggle,,vm_hybrid,ValueMatchedReplayHybrid,0.001,50.0,2.0,results\io_buf_value_matched_replay_2026-06-23\cases\double_toggle_1ps\hspice_native_ibis\double_toggle_1ps_hspice_native_ibis.sp,results\io_buf_value_matched_replay_2026-06-23\cases\double_toggle_1ps\ngspice_vm_hybrid\double_toggle_1ps_ngspice_vm_hybrid.sp,results\io_buf_value_matched_replay_2026-06-23\cases\double_toggle_1ps\ngspice_vm_hybrid\double_toggle_1ps_ngspice_vm_hybrid.raw,0.6712851358559476,1.5198206389699684,0.44449488542462057,1.0271426155445122,0.5372394689772577,1.0656558469837847,0.04708758,1.0113995305223111,-0.0238286,-0.0722362924789732,-0.017130290760056354,1.0040201265682578,True,0.0,0.0,0.012978317251500598,nan,nan,,CHECK,-0.01711811676704271,1.0125373213565465,-0.07222712255871458,1.004014913503872,-0.01711811676704271,1.0125373213565465,-0.07222712255871458,1.004014913503872,,,,,,,,,,,,,,,,,,,,,,,,,,,,,0.0,1.0,0.0,1.0,,,,,,,,,1.5145218356087757,-0.001863592729995597,0.04768375,-0.01273358,6.043039,5.8585970000000005,8.568422,0.0,0.6702429294796924,0.31488473163279945,0.9999999999990035,0.1331028593386316,2.6905335490436273,1.1115784005591565,1.7054002234593515,0.6608070820476247,2.5443807771817175,2.621256406671957,3.578939063513798,0.6229813144810439,2.197966886251489,1.641031744359791,2.800578314248472,1.356953720621168,2.636989880461409,1.3669539334539178,7.526811541694977,0.0006265597017518131,0.993836573934458,0.001599609155323472,0.99916737500042,0.3938384739788612,1.9604493246244525,0.0,1.0,0.0,0.2460605472082892,6.263924018512028e-05,0.993836573934458,-0.01954637657037278,1.0044285787382228,,,,,,,,,,5.0,10.77382,285,nan,nan,0
double_toggle_1ps,"Two interrupted high pulses with 1 ps edges, 50 ohm + 2 pF",double_toggle,,vm_full,ValueMatchedReplayFull diagnostic,,,,results\io_buf_value_matched_replay_2026-06-23\cases\double_toggle_1ps\hspice_native_ibis\double_toggle_1ps_hspice_native_ibis.sp,,,,,,,,,,,,,,,,,,,,,,failed,,,,,,,,,,,,,,,,,,,,,,,,,,,,,,,,,,,,,,,,,,,,,,,,,,,,,,,,,,,,,,,,,,,,,,,,,,,,,,,,,,,,,,,,,,,,,,,,,,ngspice vm_full return code -999,,,,,,
double_toggle_1ps,"Two interrupted high pulses with 1 ps edges, 50 ohm + 2 pF",double_toggle,,vm_ku,ValueMatchedReplayKuOnly diagnostic,,,,results\io_buf_value_matched_replay_2026-06-23\cases\double_toggle_1ps\hspice_native_ibis\double_toggle_1ps_hspice_native_ibis.sp,,,,,,,,,,,,,,,,,,,,,,failed,,,,,,,,,,,,,,,,,,,,,,,,,,,,,,,,,,,,,,,,,,,,,,,,,,,,,,,,,,,,,,,,,,,,,,,,,,,,,,,,,,,,,,,,,,,,,,,,,,ngspice vm_ku return code -999,,,,,,
double_toggle_1ps,"Two interrupted high pulses with 1 ps edges, 50 ohm + 2 pF",double_toggle,,vm_kd,ValueMatchedReplayKdOnly diagnostic,0.001,50.0,2.0,results\io_buf_value_matched_replay_2026-06-23\cases\double_toggle_1ps\hspice_native_ibis\double_toggle_1ps_hspice_native_ibis.sp,results\io_buf_value_matched_replay_2026-06-23\cases\double_toggle_1ps\ngspice_vm_kd\double_toggle_1ps_ngspice_vm_kd.sp,results\io_buf_value_matched_replay_2026-06-23\cases\double_toggle_1ps\ngspice_vm_kd\double_toggle_1ps_ngspice_vm_kd.raw,0.6715175625164291,1.5198283686491365,0.44449810464598366,1.0271432360461688,0.5372549129364151,1.0656559621685697,0.04708758,1.0116161627094924,-0.0238286,-0.07228012626453666,-0.017235464535266646,1.0040188954654063,True,0.0,0.0,0.013036842599975267,nan,nan,,CHECK,-0.017302337171398015,1.0125518445617834,-0.07224066532656855,1.0040149135038734,-0.017302337171398015,1.0125518445617834,-0.07224066532656855,1.0040149135038734,,,,,,,,,,,,,,,,,,,,,,,,,,,,,0.0,1.0,0.0,1.0,,,,,,,,,1.515374853439852,-0.001864258606952621,0.04768375,-0.01273358,6.043039,5.8585970000000005,8.568422,0.0,0.6706253783693206,0.3143471242494022,0.9999999999990016,0.08440857794589422,2.691564137557584,1.111578400559218,1.705720520072474,0.6606084844281562,2.4868542445958193,2.620965617883436,3.578939063513722,1.111578400559218,1.705720520072474,2.620965617883436,3.578939063513722,1.924259043186815,3.570013831473235,1.934259043188266,8.436421694880679,0.001585981407350182,0.993836573934458,0.001784583873234546,1.0051014343975628,0.3937418526727798,1.960357133455281,0.0,1.0,0.0,0.24605095270969712,2.9884236739663155e-05,0.993836573934458,-0.005968270239624651,1.0043241474859017,,,,,,,,,,5.0,10.77382,285,nan,nan,0
