time_ns,hspice_pad_v,ngspice_pybis_pad_v_interp,hspice_ku,ngspice_pybis_ku_interp,hspice_kd,ngspice_pybis_kd_interp
0.0,1.370752e-09,1.522407514265419e-06,0.0,0.0,1.0,1.0
0.001,1.370752e-09,1.522380540118513e-06,0.0,0.0,1.0,1.0
0.002,1.370752e-09,1.522356280426671e-06,0.0,0.0,1.0,1.0
0.0052,1.370752e-09,1.5224879637656427e-06,0.0,0.0,1.0,1.0
0.01544,1.370752e-09,1.523013775610809e-06,0.0,0.0,1.0,1.0
0.048208,1.370752e-09,1.5241580023137013e-06,0.0,0.0,1.0,1.0
0.1530656,1.370752e-09,1.5253187241350005e-06,0.0,0.0,1.0,1.0
0.4886099,1.370752e-09,1.525507736433049e-06,0.0,0.0,1.0,1.0
1.562352,1.370752e-09,1.525508089194469e-06,0.0,0.0,1.0,1.0
2.8123519999999997,1.370752e-09,1.525508089194469e-06,0.0,0.0,1.0,1.0
4.062352,1.370752e-09,1.525508089194469e-06,0.0,0.0,1.0,1.0
5.0,1.370752e-09,1.525456140533685e-06,0.0,0.0,1.0,1.0
5.000051,1.370752e-09,1.5254532278470794e-06,0.0,0.0,1.0,1.0
5.000216,1.370752e-09,1.5254451663373495e-06,0.0,0.0,1.0,1.0
5.000342,1.370752e-09,1.5254399341959918e-06,0.0,0.0,1.0,1.0
5.000545,5.94152e-07,1.525433066174213e-06,0.0002589043,0.0,0.9997547,1.0
5.001,2.907422e-06,1.52541433834825e-06,0.0006440249,0.0,0.9993831,1.0
5.001035,3.172564e-06,1.525412656305876e-06,0.0006736487,0.0,0.9993545,1.0
5.0010449999999995,3.24929e-06,1.5254121757223406e-06,0.0006821155,0.0,0.9993464,1.0
5.001077,3.499652e-06,1.5254107545810535e-06,0.0007092092,0.0,0.9993202,1.0
5.0011790000000005,4.365793e-06,1.525407553493946e-06,0.000795909,0.0,0.9992366,1.0
5.001507,7.800637e-06,1.5253808347697498e-06,0.001073349,0.0,0.9989689,1.0
5.002556,2.551078e-05,1.5253213146554958e-06,0.001961155,0.0,0.9981123,1.0
5.005911,0.0001486883,1.5252912752499014e-06,0.004802136,0.0,0.9953712,1.0
5.016649,0.0006186296,0.00024060868738404344,0.004185237,0.003665925731417608,0.9963915,0.9978410120177756
5.026893,0.0008399005,0.00048408697532443444,0.002036787,0.002151850685167378,1.000572,1.000828351268623
5.039579,0.0008939768,0.0006239901198871136,0.001585309,0.0017965730961256882,1.000122,1.00174693988063
5.055367,0.0008891646,0.0007067009719296408,0.001311186,0.0014317926619169228,0.999148,1.0006820838242134
5.074487,0.0008310368,0.0007221587978343129,0.0009981774,0.0010685144637434811,0.9996753,1.0008711992625268
5.10782,0.0006906097,0.0006412177105778772,0.0007763174,0.000841687617717856,0.9996742,1.003005173361199
5.141153,0.0005500472,0.0005584817817445352,0.0005324155,0.0006962313809291536,0.9994714,1.0023635507183954
5.174487,0.0004175109,0.00047849880438681323,0.0003667746,0.0005782714005874342,0.9993337,1.001843216932765
5.20782,0.0003134471,0.00040090428092319817,0.0002916104,0.0004653787361029621,0.9992712,1.001345235606293
5.241153000000001,0.0002455674,0.0003244845078091677,0.0002738204,0.0003199224993141733,0.9992565,1.0007036129634892
5.274487000000001,0.0001963744,0.00024781961966912724,0.0001968353,0.0002019625189725402,0.9991925,1.000183279177858
5.3078199999999995,1.82078e-05,0.00014054737951193488,-0.0007848002,-0.0003320138527479804,0.9994464,1.001069605295015
5.341152999999999,-0.0002884965,-0.0002856703150116161,-0.001292281,-0.001311884278514235,1.000851,1.003843260562286
5.374487,-0.0005757853,-0.0005550311198431021,-0.001677444,-0.0015804447025585782,0.9995753,1.002497080238741
5.40782,-0.0008480752,-0.0007774211454026633,-0.002150209,-0.0018374683283479483,0.9991818,1.001208729027072
5.441153,-0.001049181,-0.0009720780863789659,-0.002097503,-0.0020989762414700386,1.002254,1.0027561738052748
5.474487,-0.001189221,-0.0011417445764227167,-0.002399813,-0.0023949332850860977,0.9999454,1.0023198399939979
5.50782,-0.001346311,-0.0013221961598691681,-0.002682884,-0.002687111912425908,0.9997096,1.001585172474266
5.5411529999999996,-0.001513872,-0.0015084270869864039,-0.002998748,-0.003063568644996465,0.9994465,1.0006385921698744
5.5744869999999995,-0.00171076,-0.0017004341498533212,-0.003450238,-0.0033857861141038323,1.000307,1.001476966240104
5.60782,-0.001953613,-0.0019256151477031935,-0.003979435,-0.003852216929659475,0.9996009,1.002209792711467
5.641153,-0.002226227,-0.0021827810296216285,-0.00447049,-0.0044234802516664945,0.9996016,1.0017494783762821
5.674487,-0.002516633,-0.0025176332075082784,-0.005017707,-0.005358074359231264,0.9997071,1.0022969511670938
5.70782,-0.002981038,-0.0029900947761759404,-0.006662972,-0.006340917578242435,1.001508,1.002239302270348
5.741153,-0.003646045,-0.003581931807529017,-0.007972786,-0.007942483755977904,0.9997481,1.0017027772728924
5.774487,-0.004531701,-0.004434808856293494,-0.01042978,-0.010116724098731197,1.000841,1.001488671667185
5.80782,-0.005657307,-0.005490102719558483,-0.01263714,-0.012043282893162205,1.003373,1.003178377193607
5.841153,-0.007379307,-0.007205401355506762,-0.01836958,-0.017970752253560568,1.001717,1.0020728156749805
5.874487,-0.009755916,-0.009445119812853352,-0.02295883,-0.02221839669661043,1.000784,1.002364713182273
5.90782,-0.01111205,-0.011048494844779662,-0.01928055,-0.019857355422080673,1.005403,1.006158578486266
5.941153,-0.01086655,-0.010913654636758696,-0.01635722,-0.0164566125791103,1.00162,1.0023702668677001
5.971165,-0.00998461,-0.010104270064801595,-0.0134552,-0.013605029322309961,1.001426,1.002480825138168
6.003259,-0.008636794,-0.008820144162943062,-0.01038685,-0.010777250662501141,1.001163,1.0026099676126687
6.036593,-0.006597795,-0.007001162875337648,-0.004410806,-0.005524793318559488,1.004256,1.0043719395444308
6.069926000000001,-0.003769197,-0.004278718043813397,0.00195172,5.954498547424869e-05,1.002902,1.003691042528163
6.1032589999999995,-0.000480191,-0.0010196167673511862,0.008314607,0.007672927067276753,1.001993,1.0027985385188447
6.1365929999999995,0.003223578,0.002622579302963197,0.01582234,0.014368470122933437,1.001876,1.002558599151626
6.169926,0.007284347,0.0065947930282324,0.02308562,0.0208655548277913,1.002131,1.003234846492896
6.203259,0.01150302,0.010786259830687431,0.03035523,0.02953077356315453,0.9997181,1.0009754668384807
6.236593,0.01580976,0.015062850287933667,0.0376386,0.03608426030879827,0.9992601,1.000174018449463
6.269926,0.02015846,0.019357405060074433,0.04487157,0.042564611520537775,0.9980251,0.9990426240693097
6.303259,0.02453813,0.02372382068017211,0.05210252,0.05117953222257002,0.9936934,0.994737541569686
6.336593,0.0289462,0.02811628807456639,0.05931047,0.05766663331360578,0.9901758,0.9914040037584508
6.3699259999999995,0.03300689,0.032265691357701305,0.06371184,0.06207313387407301,0.9793019,0.9823718491158582
6.403259,0.03655468,0.03583924754956086,0.06834335,0.06760158864965224,0.9709229,0.9726345715756354
6.436593,0.03961678,0.03908423933133176,0.07083317,0.07022683982860273,0.9539226,0.9573732139231667
6.468967999999999,0.04121195,0.040557171991788696,0.06596754,0.0666529472887044,0.9176167,0.9345908483854277
6.500662,0.04344359,0.04278977408465375,0.0770287,0.07537041976831602,0.877121,0.8823751546232954
6.525567,0.04690029,0.04601646406405045,0.08133101,0.07983774116204019,0.8090751,0.8184519449603722
6.545967,0.0502074,0.049204908251732245,0.08553861,0.08396833985131949,0.7706941,0.7806886019203795
6.562596,0.05311327,0.05199610717769493,0.08603832,0.08579813130360739,0.6980212,0.7050308382185313
6.5757769999999995,0.05564136,0.05448791671525237,0.08983298,0.08840806522323569,0.667385,0.6807117324477342
6.587052,0.05798459,0.056756997044418195,0.09075983,0.08948148628790878,0.6268421,0.6470275382228851
6.598509,0.06042157,0.05912309581137653,0.09125995,0.08985852932402141,0.5833796,0.6062712734825031
6.613859000000001,0.06378961,0.0624214031757863,0.09324232,0.09245621968493895,0.5425718,0.552201023379539
6.627507,0.06687879,0.06546377356597011,0.09419003,0.09315025531651085,0.5018111,0.5219199423680899
6.6416699999999995,0.07014072,0.06866059342336536,0.09513663,0.09478526632505012,0.4634227,0.4628146236432461
6.661178,0.074902,0.0733369918487676,0.09823584,0.09758154024567421,0.4139025,0.4192103799980558
6.691248,0.08274919,0.08107622084205761,0.1008028,0.10016003600815757,0.3457673,0.3494058020619757
6.721698,0.09166984,0.08959122392600649,0.1075918,0.10716165781623718,0.2830412,0.28419180998084387
6.755032,0.1027306,0.10058396785461086,0.1143465,0.11320445870414132,0.2400476,0.24856004779608804
6.781419,0.1119726,0.10969597047244009,0.1180101,0.11874938317118236,0.1995688,0.2102770962451626
6.804151,0.1202154,0.1178981324255814,0.1233068,0.12221958724304224,0.1842525,0.18940712730302148
6.825105000000001,0.1287001,0.12593554093904688,0.1322381,0.13171829622856268,0.1565165,0.16332524435307144
6.842874,0.1374142,0.1346735692973158,0.1450764,0.1438440468265584,0.1426057,0.14873598447051867
6.861435,0.1476661,0.1446228944468036,0.1524772,0.15158436341643594,0.1292115,0.1305013320962185
6.882971,0.1601373,0.1568439011199498,0.160711,0.15964542990388972,0.1129854,0.11902157068313732
6.908796000000001,0.1757544,0.17223060471951582,0.1698521,0.1667789810011067,0.09441944,0.10341194259219695
6.917129,0.1809176,0.17732640700588237,0.1722396,0.16933468115671585,0.08672971,0.09291375699364866
6.923796,0.1850827,0.18141781237438703,0.1743535,0.17260074721616211,0.08174407,0.0855956829799282
6.9291290000000005,0.1884343,0.18471441458854307,0.1756508,0.17260074721616228,0.07637484,0.08559568297992781
6.933332,0.1911227,0.1874740786659407,0.1782207,0.17936161967303924,0.07201254,0.07588122711440387
6.936694,0.1934161,0.1897576701655817,0.1850834,0.17969914210355423,0.07034289,0.07584777991764823
6.945554,0.2010148,0.197346472348977,0.216652,0.2162364454159432,0.07700779,0.08399849948257934
6.948327,0.2038456,0.20012289427220079,0.2222114,0.21623644541594159,0.07739399,0.08399849948258024
6.956105,0.2121887,0.2082281656287205,0.2322621,0.2257149507025476,0.07438091,0.07841593337298852
6.968117,0.2257559,0.22122991020759686,0.2436259,0.2352396273939169,0.06650191,0.07175143182360857
6.980474,0.2403073,0.23519367134671532,0.2544901,0.24719479601966832,0.05825156,0.06327894523538248
7.001219,0.2664357,0.260243796527013,0.2795926,0.27832282151894305,0.05204134,0.05782824275251451
7.022223,0.2943769,0.2876402120998461,0.2985829,0.2953344662342792,0.05186107,0.05308713958524045
7.042292,0.3218371,0.314500222550425,0.3176284,0.3155165019951023,0.04398063,0.045373125235459
7.063986,0.3543622,0.34661320114395994,0.3528407,0.3470667607703024,0.03622039,0.03800791297634565
7.085875000000001,0.3901421,0.3816483187397946,0.376069,0.36850919904348645,0.02652388,0.029499283877899955
7.103493,0.4200152,0.4108661891982575,0.3997929,0.39569509074625897,0.0285147,0.03250397216790127
7.124445000000001,0.4567449,0.44705336859959754,0.4276066,0.4211559653964553,0.03039933,0.03173789260605795
7.146473,0.4930065,0.48275504038957207,0.4233539,0.41674061319019695,0.02672128,0.028212016870786432
7.150294,0.4987647,0.4884587315317092,0.426152,0.4177713209481386,0.0262294,0.028009820953648804
7.157165,0.5091074,0.49888735609558305,0.431546,0.4247025344249819,0.0249488,0.026751603502770244
7.172998,0.5328785,0.5226214581695674,0.4437535,0.4395137215695043,0.02259696,0.023532219837466617
7.196181999999999,0.5674601,0.5572058994258942,0.4613229,0.45483398838577854,0.01899751,0.020499746740662978
7.229515999999999,0.6142319,0.6053276560667621,0.4742434,0.46829922967031207,0.01880105,0.020023845190869274
7.256556,0.6491248,0.6402129628070948,0.4883245,0.48277236613631686,0.01652142,0.017680738842074044
7.2835410000000005,0.6824235,0.6736836495704183,0.5020134,0.497391701179978,0.014269,0.015141616219793113
7.3168750000000005,0.7216789,0.7128191278249888,0.521256,0.5150615624580295,0.01561213,0.01618386831244062
7.350207999999999,0.7593068,0.7505205910669431,0.5409274,0.5334037770382832,0.01584598,0.01641096526062123
7.383541,0.7936955,0.7847764227663888,0.5478877,0.5441031476010716,0.01592872,0.016543435328051276
7.3914040000000005,0.8010898,0.7923452358009114,0.55059,0.5466833402943174,0.01507129,0.014395459782442464
7.410730999999999,0.8189547,0.8103920036822694,0.5583946,0.5536495890982857,0.0144917,0.014885773427925929
7.441816,0.8466439,0.8382271531669255,0.5711988,0.5705648998049268,0.01280001,0.014846014562852096
7.473267999999999,0.8740654,0.8659919976868374,0.5876241,0.5835917998271923,0.01211338,0.013048875533963512
7.506600999999999,0.9019084,0.8943493612984482,0.600187,0.5948808713709977,0.01379154,0.01442390825646998
7.539934000000001,0.9280813,0.9206589865970931,0.6123279,0.6069633017684245,0.01137632,0.013568926787173021
7.5732680000000006,0.9533443,0.9458700164443112,0.6280903,0.6234072637806212,0.01322838,0.01401942993890074
7.606601,0.9778421,0.9703566370770366,0.64178,0.6363098690898801,0.01278301,0.013439704173253771
7.639933999999999,1.001409,0.9941041562096816,0.6521289,0.6464008512417586,0.01069773,0.012357917578231058
7.673267999999999,1.024096,1.0165306844376785,0.6673411,0.6615639035299671,0.01228798,0.012957309777146134
7.706600999999999,1.046004,1.0385209920175402,0.6773496,0.6719274847517102,0.009941167,0.010887648885678228
7.739934000000001,1.067289,1.0598623793895925,0.692911,0.6852388158138464,0.01176771,0.012436621656482238
7.772666000000001,1.087336,1.0797143361328378,0.7007902,0.695000915905943,0.009896236,0.009441636440513075
7.803382,1.105532,1.097809060990005,0.7151113,0.7092771568935621,0.0111971,0.011895378044252622
7.813742,1.111491,1.1038446459507107,0.7176058,0.7126804033123415,0.01121563,0.01192234222411386
7.827141,1.119246,1.1116200490272297,0.7238737,0.7165858196698452,0.0112622,0.0119532851345407
7.851157000000001,1.133088,1.1255370491218422,0.7303371,0.7261702901550304,0.009012562,0.010816710333220098
7.87062,1.143943,1.1363886982997193,0.7374265,0.7315148233262379,0.01060531,0.011316965250440677
7.898212,1.158586,1.1510159050997737,0.7453219,0.7389583676361207,0.01066006,0.01137225438870677
7.927473999999999,1.173491,1.166071653671239,0.752543,0.7466237519327225,0.008509565,0.009835455227390096
7.960807000000001,1.18999,1.1827428561378956,0.764745,0.7594195435388454,0.01002365,0.010755829812684544
7.994141000000001,1.206203,1.1989856019016505,0.7766311,0.7716820931513177,0.01010018,0.01084084030926212
8.027474,1.222205,1.215459141117834,0.7869583,0.7804219036034958,0.009384598,0.01012263981855523
8.060807,1.237222,1.2300541628679438,0.7937604,0.7877617588409453,0.009425024,0.010169888484710555
8.094141,1.250999,1.2437786384985208,0.8012115,0.7952749997400005,0.00887672,0.008954442784998616
8.127474,1.264142,1.2572067135208942,0.8099296,0.8038512840505558,0.008727694,0.009483086764695914
8.160807,1.277168,1.2700938593653386,0.820583,0.8137188317388832,0.008785734,0.00954172004132788
8.194141,1.289988,1.28271342176521,0.8281036,0.8219122758999714,0.008200058,0.008570338810337707
8.209979,1.296017,1.2887413341480682,0.8328791,0.8242484811685495,0.007849484,0.008283242923452535
8.231137,1.303832,1.2966057506510404,0.8382204,0.8339913294196205,0.008074401,0.008856897721639823
8.251232,1.31078,1.303881514805092,0.839225,0.8338535008111363,0.008079377,0.008856146996885505
8.284564999999999,1.321217,1.314194439045307,0.8459144,0.8397053437774372,0.008112508,0.008888020810468217
8.309963,1.328759,1.3218740402892288,0.8495711,0.8420935569812892,0.007219786,0.007689644024033173
8.345636,1.338855,1.3319624920376372,0.8565837,0.8500668437569592,0.007348854,0.008131233713523733
8.389141,1.350653,1.3437173313421906,0.865278,0.8573555703648655,0.007387608,0.008167324417759346
8.444384,1.364946,1.3579494781356682,0.874578,0.8684971036878609,0.006603675,0.007400160802266706
8.517636,1.383275,1.376129322048872,0.8895854,0.8814503655767983,0.006663137,0.007457885330954665
8.579015,1.396918,1.3897467423991026,0.8945718,0.8878687401611938,0.005847625,0.006654582760430283
8.632189,1.406941,1.3998762099203204,0.9017946,0.895778932009264,0.005872666,0.006685916398774912
8.684977,1.416228,1.4092463121472718,0.9076252,0.9013150733427435,0.005017541,0.005869301936842083
8.748563,1.426747,1.4199841304018004,0.9158837,0.9092585369703344,0.005075709,0.005896833883020661
8.821242999999999,1.438246,1.431675058252219,0.9251645,0.9186411446496351,0.004834929,0.004912821553153483
8.915519000000002,1.451628,1.4449977205983442,0.9334112,0.9290493801173957,0.004273333,0.005113171054146305
9.009556,1.462919,1.4563545659511357,0.9382209,0.9315775854286653,0.00153601,0.0018524785853466547
9.040929,1.466286,1.459946922426645,0.942717,0.9363795863191864,0.003437327,0.004279080500355514
9.059728000000002,1.468193,1.4619262305736291,0.9442107,0.9375494492645031,0.003440287,0.004281976673506044
9.118704000000001,1.47391,1.4678882696611297,0.9485996,0.9414299124036664,0.003448983,0.004291583348544565
9.163419000000001,1.477822,1.4719730397077675,0.950891,0.9467550588182124,0.003453523,0.0043047665561418225
9.263226999999999,1.48595,1.4807059257735011,0.9570098,0.9500936972280883,0.002599538,0.003450394220795379
9.345801999999999,1.49266,1.486637991219373,0.9630307,0.9570429697858903,0.002608486,0.003464157263390554
9.465493,1.501682,1.494896986426408,0.9700355,0.9629966425225198,0.002611593,0.003475948519351578
9.587532,1.508203,1.501974449518753,0.971672,0.9662697439534743,0.00174798,0.002611804168782529
9.719096,1.514112,1.5088746175474077,0.9787881,0.9747978420956309,0.001755032,0.002624471484861305
9.751552,1.515302,1.5103839320193775,0.9782785,0.9730479215446818,0.001754527,0.0026218722187222295
9.78074,1.516329,1.5115656553134489,0.9789376,0.9733409888712217,0.00175518,0.0026223075299013185
9.851505000000001,1.519948,1.5141252457693133,0.9847526,0.9782969050667529,0.0008811378,0.0017531076409072243
9.872555,1.52097,1.5150558862564327,0.9815891,0.9757166714771814,0.0008795689,0.0017505526027839417
9.884155999999999,1.521376,1.5154160716848646,0.9833025,0.9774338244377327,0.0008804187,0.001752252988088376
9.89258,1.521633,1.5157981793876247,0.9813089,0.9759482482084068,0.00087943,0.0017507819182145821
9.912643,1.522234,1.5166695117254476,0.9839794,0.9783561817166341,0.0008807543,0.0017531663387324442
9.919221,1.522384,1.5170118237405603,0.982338,0.9782876311264846,0.0008799403,0.0017530984575251333
9.921685,1.522436,1.5170831484678888,0.9822123,0.9769146098115147,0.000879878,0.0017517388434894088
9.929572,1.522661,1.517263116663444,0.9839614,0.9764983148768552,0.0008807454,0.0017513266135917422
9.935881,1.522954,1.5174752256716562,0.9863848,0.980336291885993,0.0008819472,0.0017551271135209988
9.94082,1.523186,1.5178347880459708,0.9845474,0.9798671658285818,0.000881036,0.001754662568385955
9.953363,1.523539,1.5181743130778187,0.9830738,0.9778250617843528,0.0008803052,0.0017526404050803516
9.963918999999999,1.523797,1.5184208684130682,0.9843636,0.9788333506731487,0.0008809449,0.001753638848229286
9.971791,1.524128,1.5187901678709548,0.9872539,0.9810356006394069,0.0008823782,0.0017558195936639358
9.978089,1.524402,1.5190927359371966,0.9852483,0.9811909077710376,0.0008813836,0.001755973384252407
9.992136,1.524753,1.5195363236891968,0.984024,0.9781451249856191,0.0008807764,0.0017529573429283052
10.00415,1.525111,1.5197189137026392,0.9869054,0.9813404388997142,0.0008822054,0.001756121455239442
10.013770000000001,1.525478,1.520135187995534,0.9864161,0.9819386787479408,0.0008819627,0.001756713853394889
10.0328,1.525951,1.5207860559529847,0.9849748,0.9793654441100837,0.000881248,0.001754165745879953
10.05371,1.526386,1.5216511329673088,0.9864444,0.9833618267824036,0.0008819768,0.0017581231046726895
10.084249999999999,1.527495,1.5225154479975236,0.989629,0.9845175653034886,0.0008835561,0.001759267557637667
10.11937,1.529023,1.5235392805600896,0.9904296,0.9823280459873802,0.0008839531,0.001757099418540908
10.16127,1.530606,1.5246117729427928,0.991395,0.9863372406602849,0.0008844319,0.001761069464227599
10.21038,1.531694,1.5264528901145926,0.9897376,0.9867615899997019,0.0008836099,0.0017614896698803675
10.272269999999999,1.532399,1.5274614461185412,0.9908769,0.9850709790702747,0.000884175,0.001759815567429417
10.32319,1.533117,1.5288025337463047,0.9916468,0.9857119464917324,0.0008845568,0.0017604502759318665
10.39494,1.535086,1.5297424807648605,0.9949731,0.989679859575239,1.360623e-06,0.0008822029703448303
10.47601,1.53699,1.5317352786998504,0.993299,0.9883642588206253,1.359319e-06,0.000881551590523056
10.53801,1.537533,1.5330354962936164,0.9942548,0.9891679774238936,1.360064e-06,0.0008819495274189703
10.60445,1.538322,1.5339388139824361,0.9952112,0.9896853966190371,1.360809e-06,0.0008822057118441719
10.6937,1.539429,1.5356854975142942,0.9961682,0.9903433441041415,1.361554e-06,0.0008825314745910241
10.89729,1.542143,1.5388726734905627,0.9990427,0.9954120215168346,1.363794e-06,0.0008850410765186101
10.97644,1.543266,1.539258243114607,1.000002,0.9953671951101073,1.364541e-06,0.0008850188820825529
11.22926,1.544859,1.5390613928306796,1.0,0.993836573934458,0.0,0.0008842610414191893
11.47447,1.544739,1.53889312144079,1.0,0.993836573934458,0.0,0.0008842610414191893
11.70843,1.544746,1.5389945246398513,1.0,0.993836573934458,0.0,0.0008842610414191893
12.05137,1.544746,1.5390062838727958,1.0,0.993836573934458,0.0,0.0008842610414191893
12.88751,1.544746,1.5389656631721353,1.0,0.993836573934458,0.0,0.0008842610414191893
14.13751,1.544746,1.5389656631601327,1.0,0.993836573934458,0.0,0.0008842610414191893
14.999999999999998,1.544746,1.538966341505591,1.0,0.993836573934458,0.0,0.0008842610414191893
15.000499999999999,1.544746,1.5389459653536997,1.0,0.9939706940408398,0.0,0.0008650189537096473
15.001,1.544746,1.53896145498907,1.0,1.0,0.0,0.0
15.001019999999999,1.544746,1.5389620241899185,0.9999655,1.0,2.280672e-05,0.0
15.00104,1.544746,1.538962593390767,0.9999581,1.0,2.716231e-05,0.0
15.00104,1.544746,1.538962593390767,0.9999565,1.0,2.806612e-05,0.0
15.00104,1.544746,1.538962593390767,0.999954,1.0,2.951222e-05,0.0
15.001059999999999,1.544746,1.5389637869741999,0.9999461,1.0,3.413974e-05,0.0
15.001120000000002,1.544746,1.538969458910712,0.9999209,1.0,4.894779e-05,0.0
15.001299999999999,1.544745,1.538975724508896,0.99984,1.0,9.633355e-05,0.0
15.001859999999999,1.544742,1.5389986163554483,0.9995814,1.0,0.000247968,0.0
15.003680000000001,1.544716,1.5391150892705345,0.9987536,1.0,0.0007331982,0.0
15.0095,1.544527,1.5396372608542,0.998627,1.0,0.002408114,0.0
15.01968,1.544022,1.5399587353505082,0.9950094,0.996767551981333,0.001082955,0.0015599621388583526
15.03,1.54395,1.540747528576581,1.009227,1.0046718671567074,0.004081255,0.0027316576026005786
15.04058,1.544153,1.5415620119141507,1.001498,1.0066685641384385,0.001776634,0.0031277890684134266
15.049790000000002,1.544156,1.5420692915677898,1.002353,1.0025616059194342,0.001777481,0.0020015665371336763
15.06011,1.544286,1.5428943035096008,1.004167,1.006571279896059,0.001779279,0.0017811059221065901
15.075739999999998,1.544587,1.5437071226186632,1.00414,1.00390717217977,0.001779252,0.001778467828870706
15.09773,1.54487,1.5449583275486058,1.003413,1.004592344518346,0.001778532,0.001779146310638076
15.12479,1.545176,1.5464890766975399,1.004372,1.0057447285330996,0.001779481,0.0017802874418528076
15.158130000000002,1.545758,1.5482403657816588,1.005542,1.005635367086507,0.00178064,0.001780179148298925
15.191460000000001,1.546701,1.5495369325424724,1.012202,1.011993411977149,0.004760374,0.003443102284865893
15.224790000000002,1.548335,1.550853142186698,1.012943,1.0107612664864596,0.002238886,0.0018499750863868968
15.25689,1.550226,1.5522966483835927,1.005585,1.0063852561172353,-0.003945289,-0.0031888123559016142
15.266650000000002,1.550488,1.5527540369361417,1.003514,1.0043561608276115,-0.003432128,-0.00299440217333572
15.27993,1.550986,1.553532087302969,1.002728,1.0046297507742652,-0.005944244,-0.005611725024124957
15.30344,1.55205,1.5546573428778998,1.000756,1.0036382683993421,-0.007656601,-0.00709633138764403
15.323419999999999,1.553126,1.5556952430571134,1.000985,1.0021221992309994,-0.009956284,-0.009654848828831069
15.331760000000001,1.55356,1.5562866323444065,0.9973968,0.998431437224256,-0.01084355,-0.011194380802419256
15.357130000000002,1.55344,1.5568559365875232,0.9841602,0.9864785993287171,-0.013792,-0.01311218590635483
15.37799,1.552199,1.5557423978750402,0.9786497,0.9807741652143563,-0.0152257,-0.01489202433817469
15.403799999999999,1.550004,1.5535069181320091,0.9706811,0.9714510394326967,-0.01735154,-0.017744395905711294
15.43253,1.546827,1.550487906078688,0.9597014,0.9593402542541102,-0.02144599,-0.020966231722664628
15.465869999999999,1.539717,1.5429520977290916,0.9304833,0.9334739697525979,-0.02412067,-0.023752485102846353
15.47253,1.537615,1.54105309515952,0.9264457,0.92770830308153,-0.02484527,-0.02445427503471134
15.486830000000001,1.53295,1.536645493701013,0.9176821,0.921421361050985,-0.02650066,-0.02588394387915807
15.517090000000001,1.522196,1.5263409866333424,0.8958944,0.9001221637858017,-0.03253982,-0.031607413983023254
15.550429999999999,1.506687,1.5133696837125938,0.8574531,0.8761765867778716,-0.03683594,-0.0361146023323927
15.58149,1.485297,1.4910092913671336,0.8071318,0.8082529702101027,-0.04073765,-0.04071061198454917
15.589820000000001,1.478306,1.484262325202401,0.7958025,0.8070968907940941,-0.04202915,-0.04089085824698307
15.616489999999999,1.454511,1.461134875382779,0.7640436,0.7706923504036337,-0.04604922,-0.04537179157626298
15.64982,1.42215,1.4299122724682933,0.7217438,0.7338296106881688,-0.05191335,-0.05061370083299147
15.656489999999998,1.414498,1.4218369825621238,0.6890067,0.6972928381866381,-0.05204317,-0.051314044201519284
15.66074,1.408841,1.4166884528493022,0.6743524,0.6972928381866317,-0.05242782,-0.05131404420151948
15.67242,1.392224,1.4004150917992642,0.6504707,0.6518033801229235,-0.05439993,-0.05452107721997288
15.675609999999999,1.387506,1.3957618400925147,0.6450735,0.6536146888606316,-0.05498496,-0.05436335572729475
15.68405,1.374897,1.383521256109257,0.6325655,0.6379068079884699,-0.05509701,-0.05474769156618272
15.7043,1.343507,1.35268108591045,0.5979892,0.6042290372699636,-0.05828865,-0.05734858695413232
15.719180000000001,1.318414,1.3286581674168554,0.5608101,0.5811124843639982,-0.05871619,-0.0585954741128725
15.741009999999998,1.276959,1.2873808318136244,0.5039268,0.5238793097198415,-0.06358571,-0.06140841806739193
15.76039,1.236696,1.2482416990645495,0.4624141,0.4829856048112036,-0.06642577,-0.06489225876865469
15.782610000000002,1.187325,1.199298519757289,0.4118134,0.4163475111175589,-0.06919135,-0.06815550842883016
15.80468,1.135485,1.1482351352160673,0.3696101,0.3756024469889548,-0.07124466,-0.07068182137792162
15.82862,1.07602,1.08934429989918,0.3180578,0.33290246768042087,-0.07028614,-0.06998366499910488
15.85129,1.016844,1.0309327438381228,0.276617,0.2863013876947079,-0.07114688,-0.07098703789916776
15.85978,0.9940145,1.0084790839958044,0.2596043,0.2768129304309131,-0.0713892,-0.07114903664120865
15.87412,0.9551355,0.9698587078505209,0.2336135,0.23959581213751496,-0.07150193,-0.07119609835813613
15.896880000000001,0.8921649,0.9074612272443713,0.1934441,0.2038997858550447,-0.07177395,-0.07176545831892066
15.92188,0.8221937,0.8378774716340585,0.1565261,0.153571134159093,-0.07092119,-0.07046124579150295
15.952619999999998,0.7360378,0.7512012109879056,0.1166169,0.12636182089786518,-0.06409458,-0.06483181695864618
15.985959999999999,0.6445184,0.6612985773267627,0.08295942,0.08969983857983907,-0.05865891,-0.05924973566897557
16.018739999999998,0.5626277,0.5767530956332638,0.07276391,0.0797327609085475,-0.06304319,-0.06346774563016663
16.02629,0.5452445,0.5591384380808995,0.06600024,0.07084459088575266,-0.06011792,-0.060167805208319575
16.05044,0.4903959,0.5037254861412487,0.04815585,0.05602269859796936,-0.05073185,-0.05180980098278676
16.07006,0.4480737,0.4605109364311405,0.04327617,0.04610101716152562,-0.04713566,-0.0489772562491183
16.09834,0.3927275,0.40353194451471697,0.03675481,0.03876198866695348,-0.04347835,-0.044350325939025104
16.121950000000002,0.3507465,0.3612807239153284,0.02769993,0.026633505441906888,-0.04013964,-0.04005406421872334
16.15528,0.2943884,0.30462304723659,0.004536921,0.006930351333689355,-0.03466279,-0.035292930266719175
16.16333,0.2811231,0.2912024092396972,-0.000305392,0.0021046151341013158,-0.03296232,-0.03321339112744642
16.18648,0.2446351,0.25456774735393894,-0.004898061,-0.00215998418339544,-0.02751976,-0.02848073036913598
16.210749999999997,0.2089399,0.21841752497357175,-0.01700751,-0.012074573379798878,-0.02340884,-0.024868402680370907
16.22945,0.1848751,0.19258088236137605,-0.002351311,-0.01098360310986214,-0.02035071,-0.022074369125994888
16.24682,0.1670597,0.17455106725199226,0.008672358,0.008618383507089312,-0.0151282,-0.016255915616982728
16.264400000000002,0.1515528,0.15829992256238778,0.009076947,0.009036060332770835,0.002357589,0.000992245867956442
16.28603,0.1332726,0.1397331941094517,0.0008909745,0.001244101369470646,0.01107174,0.00884241033221185
16.30201,0.1203001,0.12627251771147743,-0.00178482,-0.002225220441015695,0.006909143,-0.005714825097677235
16.32456,0.1040963,0.10947093284408034,-0.0008891081,0.0012159983664256375,-0.004420629,-0.0045616395568889335
16.34799,0.09012758,0.0951960799435694,0.002058855,0.002157280434174368,-0.002361393,-0.0036946091091831198
16.35416,0.08692802,0.09176236981750072,0.001974007,0.0019162621657895045,-0.002132023,-0.0026466744547778693
16.371769999999998,0.07820701,0.08258291523868552,0.001438087,0.001085540507144549,-0.0006016768,-0.0012787038527027168
16.40466,0.06390207,0.06753443981869788,1.90271e-05,0.0001221704980751878,-0.001618171,-0.0012944279841192244
16.43269,0.05363329,0.056709972363055736,-9.140874e-05,0.0005222198378454157,-0.001950845,-0.0015246587396191402
16.46602,0.04357007,0.04625482825317575,0.0004223964,0.0004513898109480274,0.002440364,0.002253929340575167
16.49935,0.03544515,0.03768329625570907,0.0002250226,0.0002842061736704798,-0.0007800784,0.0019799497204584407
16.52967,0.02935841,0.031244969443267816,0.0001036983,0.0001522552287133161,0.0014257,0.003118707888268286
16.56059,0.02418796,0.02578859931371968,-5.701431e-05,0.00013208537345211802,-0.0003913698,0.002016969275515583
16.593539999999997,0.01965967,0.021029394798765144,-2.696282e-05,0.00010552783748094453,-0.0003913851,0.0005663161865319012
16.62688,0.01595553,0.017113894478210514,8.756453e-05,8.76682100295229e-05,0.002186288,0.0020043240808859343
16.66021,0.01296736,0.013928858750950625,8.135778e-05,0.00013702812464518366,5.855352e-07,0.0026968678128305953
16.69354,0.0105475,0.011363636293111289,7.536136e-05,0.00020583957592677934,5.855305e-07,0.0024480304496819166
16.72688,0.008564965,0.009302588809879948,-3.113713e-05,0.0002589698978979901,5.854475e-07,0.002255899503795408
16.76021,0.006935737,0.007650699233625564,-4.597388e-05,0.00031123065786349015,5.85436e-07,0.002066913085637428
16.79354,0.005606142,0.006329962043578859,-7.654318e-05,0.0003800421091449905,5.854121e-07,0.0018180757224890908
16.82688,0.004517598,0.005278190615802043,-0.0001033336,0.0004331724311163004,5.853913e-07,0.0016259447766022218
16.860210000000002,0.003624813,0.004444640720556108,-0.0001327988,0.0004854331910817994,5.853683e-07,0.0014369583584442455
16.89354,0.002890258,0.0037879488977709476,-0.0001630599,0.0005542446423632181,5.853447e-07,0.0011881209952962074
16.92688,0.002283988,0.0032748898265673614,-0.0001930423,0.000607374964334605,5.853214e-07,0.0009959900494090582
16.96021,0.001754605,0.002878276761435204,-0.0003822209,0.0006596357243001103,5.85174e-07,0.0008070036312510597
16.99354,0.001276065,0.0025762441763741047,-0.0004796102,0.0007284471755814338,5.850981e-07,0.0005581662681033642
17.02688,0.000866444,0.0023510125661269786,-0.0005070976,0.0007815774975529165,5.850767e-07,0.00036603532221587205
17.060209999999998,0.0007287844,0.0021879355046852764,0.0006579754,0.0008338382575184166,5.859844e-07,0.00017704890405788998
17.09354,0.0008847179,0.0020813583842343134,0.001054707,0.0010169037106191664,-0.002090432,-0.002601624845987385
17.12688,0.001147201,0.002102474684268548,0.001451143,0.0013800216937192686,-0.00110088,-0.001052079013686761
17.16021,0.001640923,0.0023852507562579063,0.002694007,0.002485021262740561,-0.001896708,-0.0008112079100580721
17.193540000000002,0.002381598,0.002952848860384087,0.003429539,0.0033633797237229745,-0.004005016,-0.0032802665232445536
17.22688,0.003305142,0.0036930569817760998,0.004565946,0.004405484815487847,-0.004634775,-0.004455447246928663
17.26021,0.00454366,0.004856617196726434,0.006279309,0.005942488342853202,-0.003973041,-0.0038540364468640786
17.29354,0.006050765,0.006248638887386977,0.007479389,0.00736876227792485,-0.005845102,-0.005618689713717948
17.32688,0.009062612,0.008841115978647568,0.01668281,0.015856894120396894,-0.007328142,-0.0071547758815267894
17.33679,0.01045376,0.010136005519334178,0.01805763,0.017248040523256035,-0.00794343,-0.0076512942188496
17.35472,0.01306106,0.0126569296086265,0.02027099,0.019901243823920913,-0.01414317,-0.013186645994465914
17.38122,0.0174542,0.016782699938269634,0.02527157,0.02415042748058686,-0.01713051,-0.0163583010637134
17.400689999999997,0.02135757,0.020742258870767128,0.03073062,0.028914522303202933,-0.01893781,-0.018179757151006948
17.409,0.02320926,0.022553392311202847,0.03219649,0.030765971918857347,-0.02020127,-0.01907612818330686
17.41565,0.02472582,0.0240390122806435,0.03340798,0.032623675752186124,-0.02063322,-0.018732496829350676
17.42098,0.02596498,0.0252230199176634,0.03467033,0.0326641389816236,-0.01483492,-0.018561326993736887
17.433,0.02887612,0.028086763567263674,0.03806999,0.03743229298557745,0.00625908,0.0049459212820176495
17.444999999999997,0.03190499,0.031050371990517606,0.04054925,0.03963865774513195,0.009204942,0.007977838802739678
17.45568,0.03467817,0.03375906770114094,0.04280537,0.041839372310580124,0.01230951,0.010964065056250905
17.4692,0.03741771,0.03665089754728698,0.03387994,0.03691515112120121,0.01643823,0.013985158920219095
17.47389,0.03797213,0.0373390193629135,0.03236056,0.03223502740072299,0.02317676,0.02810728685113388
17.4791,0.03857002,0.037953083840878254,0.03281834,0.03227058276455238,0.04065918,0.02873157857767827
17.4819,0.03888034,0.038273758799972336,0.03337896,0.03351221221394613,0.05070798,0.053597076736752035
17.490460000000002,0.03979515,0.03923704864492589,0.03365448,0.033437465136825766,0.05870475,0.051157415464485476
17.49749,0.04049976,0.03997683915103475,0.0337802,0.03364746028462939,0.06373804,0.058725604045398415
17.5056,0.04126281,0.04077865147694412,0.03402362,0.03389716511828028,0.07120263,0.06707958231143651
17.52265,0.0427148,0.04230413870050569,0.03450127,0.035045170745621135,0.08283423,0.08780398063819005
17.52674,0.04304083,0.04265412721643101,0.03517055,0.035016250296609236,0.09209488,0.08739300219561238
17.53983,0.04407206,0.043749974164737485,0.03809741,0.037464666544775316,0.1421032,0.12876924942736379
17.54492,0.04445992,0.04415249623579756,0.03848506,0.038232150298779,0.1502616,0.14473371701942328
17.55435,0.04513489,0.044858826849745535,0.03911717,0.03889085947193603,0.163549,0.15868633399279172
17.56525,0.04584518,0.04560550349102463,0.03986659,0.03960024850180979,0.1801451,0.1740812654899022
17.58355,0.04676958,0.04664793255547454,0.03996917,0.03943503344638791,0.2069323,0.2027308591962012
17.58969,0.04696347,0.04686931660023483,0.03924803,0.039386481263346956,0.2164758,0.20349365255716148
17.5946,0.04707195,0.047007417228673055,0.03934015,0.03965688244329232,0.2225378,0.2222314569909185
17.59852,0.04715161,0.04710798884303341,0.04030784,0.03965688244346042,0.240107,0.2222314569938718
17.60527,0.0472834,0.047264441895919405,0.04201962,0.04201592557115781,0.2731382,0.2682248705959843
17.612070000000003,0.04739684,0.047409890258090635,0.04276008,0.04311458447754452,0.2926756,0.3008212177037266
17.62053,0.04749546,0.047542702484764006,0.04346584,0.04284941073244134,0.3142113,0.2926934265290382
17.63038,0.04753751,0.04761790672263752,0.04362288,0.04321162265620633,0.3316038,0.3118549709413911
17.6349,0.04752909,0.04761763987788292,0.04391183,0.04378423872962697,0.3427501,0.3353062602527415
17.64754,0.04743164,0.04756558148795543,0.04443802,0.04416500043133954,0.3687058,0.3549610677186346
17.65894,0.04725688,0.04743091408661487,0.04497888,0.04458697106720434,0.3938282,0.3753626947780402
17.67494,0.04688165,0.04709502342209577,0.04566758,0.04571073694513519,0.4303326,0.4251624860704951
17.70828,0.04548664,0.045875524224626395,0.04642,0.04638476907472028,0.5219614,0.5039210518999696
17.733230000000002,0.04391996,0.04436236046916017,0.04649408,0.046494810429877825,0.5862863,0.5779922289919993
17.756899999999998,0.04214434,0.04262352683151196,0.04563409,0.045759469448942866,0.6325871,0.618122228845826
17.76362,0.04159805,0.04209075145411741,0.04563198,0.04567865608295787,0.6525793,0.6441606798688194
17.76859,0.04118253,0.04168591236106787,0.04550651,0.04566866245019784,0.6646951,0.6451773718340038
17.78389,0.03983774,0.04036211079806526,0.04489926,0.04488996057497255,0.7041903,0.695844270221532
17.79588,0.03870074,0.039235769721699024,0.04432908,0.04436262148378789,0.7405647,0.7220667855503692
17.80195,0.03809916,0.038663457962367434,0.04380875,0.04298631005078825,0.7512872,0.738492308965494
17.815929999999998,0.03668119,0.0372494658742534,0.04209422,0.04245410954829738,0.7638479,0.7522498401390051
17.82003,0.0362572,0.03684677787862148,0.04181346,0.04245410954829713,0.7738389,0.7522498401390131
17.83154,0.03504548,0.03565347647267812,0.04100463,0.04105232648061498,0.8030741,0.8024197075819727
17.84332,0.0337776,0.03438102821596263,0.04015725,0.04047058320578631,0.8340553,0.8264159046515757
17.85165,0.03289193,0.03350139835334365,0.04005995,0.03985682016015308,0.8558804,0.8485316842283558
17.85832,0.03220922,0.0328065382870015,0.03955933,0.04008052139338579,0.8629917,0.8472658054092458
17.87032,0.03101172,0.03161154347288314,0.03759054,0.03842730491724582,0.8527002,0.838024914005593
17.87323,0.03072437,0.031311117055321386,0.03732872,0.0376225640069911,0.8574394,0.8530890259775449
17.87641,0.03041026,0.030988181166000814,0.0370579,0.03755615802223441,0.8633521,0.854541799278946
17.883110000000002,0.02975046,0.03032821636267769,0.03647986,0.03676496092230405,0.8752757,0.8701702141179709
17.895410000000002,0.02854192,0.02910311380108876,0.0353789,0.035799951167647726,0.8976449,0.8899260546120825
17.91648,0.02648176,0.02702829662869844,0.03334326,0.03389596979984295,0.9347706,0.9249037751040589
17.92408,0.02575902,0.02630267481380679,0.03221515,0.032437741714387326,0.921216,0.9096275960095387
17.93673,0.02461446,0.025145213140631655,0.03079786,0.031409912721171517,0.9197544,0.9153865282470894
17.94603,0.02379946,0.024314782362290722,0.02980944,0.03036388321094169,0.9273804,0.9239041361286344
17.961669999999998,0.02245106,0.022966023549729857,0.02816342,0.028072538710634694,0.9404083,0.9437668536187251
17.97609,0.02122836,0.021710094754055814,0.02663324,0.027207984775950992,0.9541651,0.9502969140522706
17.98442,0.02052878,0.021005261987239114,0.02557401,0.02591975802272516,0.9543239,0.9494823824150643
18.001260000000002,0.01913935,0.019615324019012673,0.02351139,0.024208306620862083,0.9531249,0.9512446914480259
18.01618,0.01800833,0.018447668598485987,0.02280008,0.02325708170944331,0.9590095,0.9576056012917649
18.0359,0.0166626,0.01706407640932252,0.02116345,0.02159726179011831,0.9686395,0.9671268225997561
18.05866,0.01519438,0.01556861701487385,0.01915196,0.019867793311204637,0.9726691,0.9725236418696915
18.082629999999998,0.0137142,0.014068014260761375,0.01698857,0.0171434570202813,0.9761939,0.9766366852065164
18.111,0.01210792,0.012399204598616261,0.0151617,0.01570894856350517,0.9816999,0.9799686022063651
18.14434,0.01046919,0.010735424120543574,0.01311114,0.013339626783914085,0.9844739,0.9841456011177113
18.17767,0.008995259,0.009241890005180454,0.01102287,0.01144163143493884,0.9896539,0.9881765738907046
18.211,0.00764938,0.007846210497780452,0.009211895,0.009562356558785812,0.9895168,0.9902964697025457
18.24434,0.00653024,0.006733376320017142,0.008192469,0.008322655342718312,0.9926749,0.9927715591685727
18.27767,0.005605325,0.005776759500210794,0.006905045,0.007170532332623503,0.9935514,0.9945963991257338
18.31841,0.004587896,0.004715415035922104,0.005499103,0.005690303909177329,0.9958513,0.9970870150295298
18.365650000000002,0.003637023,0.0037722470149907975,0.004534288,0.004648088902042039,0.9983703,0.9988689429820546
18.43512,0.002582716,0.0026421836552163857,0.003068215,0.003168640595714738,0.9973737,0.9985597278447305
18.49764,0.00188925,0.0019642687675253748,0.002362532,0.002446707436732833,0.997115,0.9986305906364703
18.561059999999998,0.001377815,0.001425517540709978,0.001617676,0.0017012839915944039,1.001278,0.999344754775122
18.633380000000002,0.0009530562,0.001001616969363736,0.001207814,0.0012307921683733618,1.002133,1.003128604847212
18.68873,0.0007225061,0.000780025201381595,0.000831533,0.0009928424891444073,0.9987505,1.001549855153457
18.71493,0.0006210242,0.0006919741931025081,0.0007066938,0.0008519103715243864,0.9986468,1.0006147980512416
18.77845,0.0004540671,0.0005060347987420541,0.0006077096,0.0006394439388355155,0.9995345,1.00433807075148
18.84283,0.0003547666,0.00039774758329891335,0.0004582658,0.0005391164508458832,0.9994103,1.0035295382863578
18.91844,0.0002580492,0.00031531391542139527,0.0003298197,0.00043785429077341994,0.9993035,1.002713473361903
19.027279999999998,0.0001601585,0.00021621449329064827,0.0002032618,0.0002794624244389192,0.9991983,1.001437003984378
19.37554,3.031787e-05,5.1789338361873224e-05,4.604624e-05,7.936097309683445e-05,1.000038,1.002107828285953
19.818360000000002,5.495638e-06,3.797976559696066e-05,3.607139e-06,5.786033976336885e-05,1.000003,1.001760477860702
20.229,-1.947388e-06,2.5865021541929926e-05,-9.316283e-07,3.782565870263953e-05,0.999999,1.00143681041899
20.8996,2.50001e-06,6.069014144120476e-06,2.968618e-06,5.086057944861837e-06,1.000002,1.000907890453266
21.00114,1.687477e-06,3.0734688324688445e-06,2.602017e-06,8.649788704818244e-08,1.000002,1.0008271207714985
21.32608,3.288748e-07,1.352550747820175e-06,0.0,-2.891003884633402e-07,1.0,1.000821052846954
22.36587,-2.659882e-07,1.3486553855454684e-06,0.0,-2.891003884633402e-07,1.0,1.000821052846954
23.61587,2.271902e-07,1.3486553855364647e-06,0.0,-2.891003884633402e-07,1.0,1.000821052846954
24.86587,-1.917501e-07,1.3486553855322816e-06,0.0,-2.891003884633402e-07,1.0,1.000821052846954
25.0,2.328711e-08,1.348706630765001e-06,0.0,-2.891003884633402e-07,1.0,1.000821052846954
